from,to
2,36
2,78
2,126
2,127
2,249
2,260
2,267
2,287
2,291
2,298
2,398
2,425
2,471
2,486
2,530
2,587
2,590
2,608
2,656
2,689
2,752
2,769
2,866
2,913
2,960
2,1020
2,1138
2,1177
2,1193
2,1345
2,1365
2,1384
2,1423
2,1455
2,1619
2,1785
2,1850
2,1867
3,35
3,36
3,59
3,67
3,127
3,287
3,290
3,291
3,305
3,335
3,428
3,455
3,467
3,504
3,557
3,628
3,689
3,698
3,814
3,870
3,894
3,1138
3,1142
3,1194
3,1245
3,1259
3,1297
3,1311
3,1320
3,1344
3,1502
3,1543
3,1557
3,1593
3,1621
3,1701
3,1758
3,1787
3,1807
3,1829
3,1867
5,127
5,290
5,467
5,471
5,499
5,608
5,677
5,717
5,864
5,894
5,982
5,1245
5,1259
5,1297
5,1311
5,1320
5,1423
5,1549
5,1557
5,1593
5,1621
5,1636
5,1721
5,1758
6,45
6,67
6,124
6,127
6,176
6,188
6,287
6,290
6,305
6,306
6,315
6,358
6,369
6,441
6,467
6,471
6,560
6,628
6,654
6,717
6,726
6,769
6,806
6,827
6,982
6,1026
6,1138
6,1142
6,1154
6,1157
6,1194
6,1232
6,1259
6,1297
6,1320
6,1414
6,1474
6,1557
6,1593
6,1739
6,1821
6,1855
11,67
11,116
11,127
11,139
11,176
11,188
11,245
11,315
11,369
11,530
11,601
11,769
11,777
11,784
11,806
11,817
11,869
11,984
11,1140
11,1148
11,1408
11,1414
11,1593
11,1726
16,24
16,37
16,127
16,161
16,267
16,287
16,323
16,335
16,869
16,881
16,894
16,1026
16,1102
16,1311
16,1320
16,1758
24,37
24,127
24,205
24,260
24,471
24,781
24,814
24,881
24,887
24,1267
24,1280
24,1297
24,1311
24,1621
24,1721
24,1825
27,59
27,62
27,67
27,102
27,127
27,198
27,287
27,290
27,319
27,455
27,467
27,472
27,628
27,713
27,725
27,817
27,840
27,1012
27,1142
27,1259
27,1297
27,1621
27,1721
27,1758
31,127
31,197
31,217
31,290
31,319
31,423
31,455
31,467
31,471
31,752
31,777
31,1012
31,1194
31,1259
31,1433
31,1739
31,1811
31,1821
33,102
33,127
33,148
33,180
33,205
33,317
33,324
33,337
33,424
33,455
33,479
33,492
33,493
33,530
33,560
33,654
33,688
33,698
33,743
33,769
33,777
33,810
33,869
33,874
33,899
33,924
33,1177
33,1180
33,1193
33,1232
33,1236
33,1279
33,1361
33,1388
33,1662
33,1784
33,1844
33,1867
35,36
35,57
35,67
35,102
35,116
35,127
35,139
35,176
35,188
35,195
35,205
35,217
35,249
35,260
35,264
35,267
35,278
35,287
35,290
35,315
35,323
35,325
35,336
35,338
35,340
35,341
35,369
35,403
35,407
35,428
35,429
35,441
35,455
35,462
35,467
35,486
35,489
35,530
35,536
35,560
35,564
35,601
35,608
35,610
35,615
35,628
35,654
35,656
35,682
35,688
35,698
35,715
35,717
35,726
35,746
35,777
35,784
35,807
35,812
35,828
35,870
35,874
35,942
35,952
35,984
35,995
35,1012
35,1036
35,1038
35,1102
35,1109
35,1142
35,1154
35,1157
35,1232
35,1245
35,1254
35,1259
35,1263
35,1269
35,1274
35,1293
35,1297
35,1298
35,1354
35,1384
35,1392
35,1408
35,1414
35,1426
35,1474
35,1490
35,1496
35,1522
35,1557
35,1593
35,1621
35,1636
35,1659
35,1662
35,1677
35,1741
35,1758
35,1785
35,1811
35,1829
35,1844
35,1851
35,1872
36,275
36,336
36,601
36,913
36,1177
36,1320
36,1368
36,1430
36,1619
36,1628
36,1643
36,1659
36,1677
36,1721
36,1724
36,1726
36,1733
36,1739
36,1742
36,1758
36,1762
36,1784
36,1787
36,1807
36,1827
36,1842
36,1844
36,1850
36,1851
36,1867
36,1872
37,59
37,127
37,148
37,260
37,275
37,369
37,628
37,686
37,698
37,764
37,781
37,1194
37,1259
37,1557
37,1593
37,1621
37,1699
37,1701
37,1758
37,1821
43,86
43,127
43,176
43,197
43,315
43,428
43,455
43,467
43,817
43,894
43,899
43,1157
43,1433
43,1726
43,1758
43,1787
45,57
45,67
45,104
45,116
45,127
45,134
45,162
45,216
45,274
45,290
45,305
45,306
45,310
45,317
45,327
45,372
45,413
45,441
45,467
45,471
45,491
45,504
45,524
45,526
45,551
45,564
45,599
45,688
45,704
45,733
45,784
45,821
45,824
45,836
45,838
45,864
45,913
45,962
45,1004
45,1020
45,1026
45,1193
45,1205
45,1275
45,1294
45,1297
45,1301
45,1310
45,1316
45,1320
45,1374
45,1376
45,1384
45,1388
45,1392
45,1427
45,1477
45,1482
45,1484
45,1502
45,1507
45,1514
45,1538
45,1543
45,1553
45,1555
45,1563
45,1566
45,1621
45,1628
45,1652
45,1680
45,1721
45,1739
45,1758
45,1786
45,1787
45,1805
45,1836
45,1842
45,1872
45,1892
45,1897
51,127
51,260
51,319
51,467
51,472
51,686
51,870
51,1142
51,1259
51,1297
51,1311
51,1320
51,1593
51,1758
51,1821
52,1805
57,62
57,67
57,127
57,195
57,275
57,287
57,290
57,305
57,467
57,471
57,560
57,628
57,656
57,683
57,869
57,899
57,1036
57,1140
57,1177
57,1232
57,1259
57,1280
57,1297
57,1320
57,1455
57,1543
57,1593
57,1643
57,1721
57,1739
57,1825
57,1844
57,1867
59,36
59,102
59,127
59,148
59,195
59,197
59,205
59,287
59,323
59,336
59,404
59,409
59,424
59,425
59,428
59,429
59,441
59,451
59,455
59,489
59,530
59,560
59,628
59,649
59,654
59,688
59,689
59,717
59,777
59,805
59,806
59,817
59,821
59,828
59,881
59,899
59,905
59,952
59,975
59,984
59,1020
59,1105
59,1127
59,1138
59,1142
59,1157
59,1177
59,1193
59,1194
59,1224
59,1232
59,1267
59,1269
59,1293
59,1297
59,1301
59,1371
59,1383
59,1384
59,1433
59,1482
59,1643
59,1675
59,1680
59,1761
59,1867
62,67
62,127
62,162
62,182
62,188
62,274
62,305
62,306
62,358
62,407
62,409
62,467
62,470
62,491
62,504
62,536
62,590
62,611
62,615
62,640
62,688
62,731
62,733
62,765
62,840
62,878
62,952
62,962
62,1047
62,1142
62,1180
62,1259
62,1265
62,1320
62,1376
62,1455
62,1502
62,1507
62,1513
62,1514
62,1549
62,1563
62,1621
62,1721
62,1739
62,1762
62,1787
62,1811
62,1842
62,1850
62,1851
65,127
65,290
65,455
65,467
65,471
65,504
65,682
65,704
65,1196
65,1280
65,1297
65,1311
65,1320
65,1374
65,1593
65,1721
65,1739
65,1758
65,1821
67,36
67,52
67,78
67,86
67,102
67,116
67,117
67,124
67,126
67,127
67,134
67,139
67,153
67,162
67,176
67,180
67,188
67,190
67,205
67,212
67,215
67,229
67,245
67,249
67,254
67,260
67,264
67,267
67,275
67,287
67,290
67,291
67,310
67,315
67,324
67,325
67,336
67,338
67,341
67,369
67,372
67,404
67,408
67,409
67,412
67,413
67,424
67,428
67,441
67,451
67,455
67,462
67,467
67,470
67,471
67,489
67,493
67,494
67,499
67,504
67,507
67,524
67,526
67,530
67,536
67,551
67,559
67,587
67,590
67,601
67,608
67,628
67,645
67,649
67,677
67,683
67,688
67,689
67,696
67,704
67,712
67,715
67,717
67,720
67,726
67,733
67,743
67,746
67,769
67,777
67,781
67,784
67,785
67,792
67,799
67,806
67,814
67,815
67,817
67,821
67,827
67,828
67,840
67,843
67,852
67,869
67,881
67,905
67,913
67,952
67,960
67,962
67,970
67,980
67,984
67,995
67,1004
67,1012
67,1026
67,1036
67,1038
67,1047
67,1108
67,1109
67,1113
67,1127
67,1138
67,1140
67,1142
67,1150
67,1154
67,1157
67,1177
67,1193
67,1196
67,1205
67,1216
67,1232
67,1236
67,1251
67,1259
67,1263
67,1269
67,1275
67,1294
67,1297
67,1298
67,1308
67,1334
67,1344
67,1345
67,1354
67,1361
67,1365
67,1369
67,1374
67,1385
67,1400
67,1408
67,1414
67,1427
67,1430
67,1474
67,1502
67,1511
67,1514
67,1522
67,1524
67,1553
67,1554
67,1555
67,1557
67,1563
67,1566
67,1593
67,1614
67,1619
67,1621
67,1628
67,1643
67,1662
67,1665
67,1681
67,1726
67,1734
67,1741
67,1742
67,1758
67,1767
67,1784
67,1787
67,1805
67,1807
67,1811
67,1829
67,1844
67,1850
67,1851
67,1859
67,1872
67,1897
67,1904
76,102
76,127
76,290
76,305
76,404
76,409
76,455
76,467
76,683
76,769
76,781
76,1036
76,1142
76,1259
76,1297
76,1320
76,1643
76,1733
76,1739
76,1758
78,36
78,127
78,287
78,305
78,441
78,462
78,489
78,557
78,560
78,628
78,656
78,682
78,689
78,717
78,769
78,781
78,806
78,824
78,827
78,984
78,1047
78,1086
78,1142
78,1297
78,1344
78,1374
78,1426
78,1501
78,1524
78,1593
78,1726
78,1758
78,1892
86,36
86,127
86,188
86,211
86,290
86,341
86,423
86,428
86,455
86,467
86,608
86,677
86,717
86,781
86,815
86,828
86,843
86,866
86,870
86,894
86,982
86,1245
86,1297
86,1311
86,1433
86,1522
86,1554
86,1614
86,1621
86,1636
86,1652
86,1681
86,1734
86,1758
86,1811
86,1821
102,36
102,127
102,139
102,176
102,188
102,197
102,358
102,369
102,370
102,424
102,435
102,455
102,472
102,688
102,689
102,717
102,777
102,781
102,812
102,817
102,818
102,869
102,881
102,970
102,984
102,1036
102,1050
102,1177
102,1232
102,1245
102,1259
102,1267
102,1320
102,1365
102,1374
102,1385
102,1414
102,1699
102,1805
102,1825
102,1867
104,127
104,287
104,290
104,305
104,504
104,557
104,682
104,1196
104,1297
104,1320
104,1374
104,1376
104,1643
104,1721
104,1739
104,1758
104,1761
116,36
116,127
116,139
116,176
116,188
116,190
116,216
116,250
116,290
116,315
116,337
116,369
116,428
116,455
116,471
116,494
116,608
116,628
116,649
116,654
116,698
116,725
116,769
116,777
116,784
116,806
116,815
116,963
116,1038
116,1086
116,1154
116,1157
116,1193
116,1245
116,1259
116,1279
116,1308
116,1320
116,1365
116,1408
116,1414
116,1455
116,1502
116,1543
116,1593
116,1619
116,1621
116,1726
116,1758
116,1767
116,1859
116,1872
117,127
117,290
117,428
117,467
117,489
117,654
117,696
117,814
117,1142
117,1259
117,1311
117,1426
117,1496
117,1593
117,1621
117,1758
117,1787
117,1807
117,1821
117,1829
124,36
124,127
124,260
124,290
124,395
124,398
124,428
124,441
124,470
124,764
124,887
124,1142
124,1191
124,1259
124,1297
124,1320
124,1374
124,1392
124,1555
124,1733
124,1758
124,1787
124,1855
124,1859
126,36
126,127
126,287
126,290
126,305
126,319
126,369
126,455
126,467
126,471
126,656
126,725
126,781
126,814
126,1297
126,1311
126,1320
126,1423
126,1433
126,1557
126,1593
126,1739
126,1821
126,1825
127,36
127,52
127,134
127,139
127,148
127,153
127,161
127,162
127,163
127,176
127,180
127,182
127,188
127,190
127,195
127,197
127,198
127,205
127,211
127,212
127,215
127,216
127,217
127,222
127,225
127,229
127,245
127,249
127,250
127,254
127,260
127,264
127,267
127,274
127,275
127,278
127,287
127,290
127,291
127,295
127,298
127,305
127,306
127,310
127,315
127,317
127,319
127,323
127,324
127,325
127,327
127,335
127,336
127,337
127,338
127,340
127,341
127,342
127,348
127,358
127,369
127,370
127,372
127,373
127,395
127,398
127,402
127,403
127,404
127,407
127,408
127,409
127,412
127,413
127,423
127,424
127,425
127,428
127,429
127,435
127,441
127,451
127,455
127,462
127,467
127,470
127,471
127,472
127,479
127,486
127,489
127,491
127,492
127,493
127,494
127,499
127,504
127,507
127,524
127,526
127,530
127,536
127,551
127,557
127,559
127,560
127,564
127,587
127,590
127,595
127,599
127,601
127,608
127,610
127,611
127,615
127,623
127,628
127,640
127,645
127,649
127,654
127,656
127,677
127,682
127,683
127,686
127,688
127,689
127,696
127,698
127,701
127,704
127,708
127,712
127,713
127,715
127,717
127,720
127,725
127,726
127,731
127,733
127,743
127,746
127,752
127,763
127,764
127,765
127,769
127,777
127,781
127,784
127,785
127,792
127,799
127,805
127,806
127,807
127,810
127,812
127,814
127,815
127,817
127,818
127,821
127,824
127,827
127,828
127,836
127,838
127,840
127,843
127,852
127,857
127,864
127,866
127,869
127,870
127,874
127,878
127,881
127,886
127,887
127,888
127,894
127,899
127,902
127,905
127,913
127,924
127,942
127,952
127,960
127,962
127,963
127,970
127,975
127,980
127,982
127,984
127,995
127,1004
127,1012
127,1020
127,1026
127,1036
127,1038
127,1047
127,1050
127,1080
127,1086
127,1102
127,1105
127,1108
127,1109
127,1113
127,1115
127,1126
127,1127
127,1138
127,1140
127,1142
127,1148
127,1150
127,1154
127,1157
127,1177
127,1180
127,1191
127,1193
127,1194
127,1196
127,1197
127,1205
127,1216
127,1224
127,1232
127,1236
127,1245
127,1251
127,1254
127,1258
127,1259
127,1263
127,1265
127,1267
127,1269
127,1274
127,1275
127,1279
127,1280
127,1293
127,1294
127,1297
127,1298
127,1301
127,1308
127,1310
127,1311
127,1313
127,1316
127,1320
127,1334
127,1344
127,1345
127,1354
127,1361
127,1365
127,1368
127,1369
127,1371
127,1374
127,1376
127,1383
127,1384
127,1385
127,1388
127,1392
127,1394
127,1400
127,1408
127,1414
127,1423
127,1426
127,1427
127,1430
127,1433
127,1435
127,1455
127,1460
127,1466
127,1473
127,1474
127,1477
127,1482
127,1484
127,1489
127,1490
127,1492
127,1496
127,1501
127,1502
127,1507
127,1511
127,1513
127,1514
127,1522
127,1524
127,1538
127,1543
127,1549
127,1553
127,1554
127,1555
127,1557
127,1563
127,1566
127,1587
127,1593
127,1614
127,1619
127,1621
127,1628
127,1633
127,1636
127,1643
127,1652
127,1659
127,1662
127,1665
127,1667
127,1675
127,1677
127,1680
127,1681
127,1699
127,1701
127,1721
127,1724
127,1726
127,1733
127,1734
127,1739
127,1741
127,1742
127,1758
127,1761
127,1762
127,1767
127,1784
127,1785
127,1786
127,1787
127,1805
127,1807
127,1811
127,1821
127,1825
127,1827
127,1829
127,1836
127,1842
127,1844
127,1850
127,1851
127,1855
127,1859
127,1867
127,1872
127,1892
127,1897
127,1904
134,36
134,287
134,290
134,305
134,341
134,369
134,403
134,428
134,441
134,467
134,471
134,559
134,689
134,870
134,1297
134,1311
134,1320
134,1376
134,1433
134,1721
134,1726
134,1739
134,1758
134,1811
134,1821
134,1855
139,36
139,52
139,176
139,188
139,245
139,287
139,290
139,306
139,315
139,324
139,341
139,342
139,369
139,408
139,428
139,441
139,467
139,471
139,493
139,530
139,557
139,560
139,628
139,649
139,654
139,682
139,683
139,712
139,717
139,726
139,743
139,769
139,777
139,781
139,784
139,792
139,817
139,821
139,869
139,899
139,982
139,984
139,1036
139,1142
139,1154
139,1157
139,1232
139,1259
139,1279
139,1308
139,1311
139,1408
139,1414
139,1423
139,1474
139,1593
139,1721
139,1726
139,1758
139,1767
139,1872
148,36
148,176
148,188
148,190
148,195
148,225
148,274
148,275
148,290
148,402
148,403
148,409
148,425
148,441
148,455
148,470
148,489
148,494
148,504
148,526
148,560
148,599
148,654
148,698
148,717
148,726
148,765
148,777
148,784
148,806
148,866
148,963
148,1102
148,1138
148,1142
148,1177
148,1216
148,1259
148,1297
148,1308
148,1320
148,1371
148,1524
148,1557
148,1593
148,1628
148,1675
148,1677
148,1739
148,1787
148,1807
148,1844
153,176
153,222
153,295
153,467
153,682
153,743
153,777
153,810
153,975
153,1259
153,1294
153,1297
153,1374
153,1501
153,1850
161,195
161,290
161,305
161,319
161,428
161,455
161,467
161,470
161,471
161,557
161,587
161,682
161,689
161,725
161,781
161,818
161,828
161,899
161,1086
161,1196
161,1236
161,1297
161,1311
161,1320
161,1374
161,1557
161,1593
161,1721
161,1758
161,1821
162,176
162,290
162,305
162,306
162,428
162,491
162,557
162,560
162,785
162,828
162,1004
162,1194
162,1311
162,1320
162,1739
162,1807
162,1811
163,36
163,182
163,188
163,260
163,275
163,290
163,305
163,335
163,395
163,428
163,441
163,467
163,470
163,471
163,494
163,507
163,551
163,599
163,654
163,689
163,696
163,698
163,799
163,805
163,817
163,905
163,1036
163,1142
163,1191
163,1205
163,1259
163,1297
163,1308
163,1320
163,1371
163,1502
163,1524
163,1555
163,1733
163,1739
163,1758
163,1787
163,1807
163,1811
163,1827
176,36
176,52
176,677
176,777
176,828
176,864
176,913
176,1142
176,1154
176,1157
176,1196
176,1232
176,1236
176,1245
176,1251
176,1259
176,1263
176,1274
176,1297
176,1308
176,1311
176,1316
176,1320
176,1334
176,1345
176,1354
176,1374
176,1414
176,1474
176,1482
176,1502
176,1543
176,1557
176,1593
176,1621
176,1643
176,1701
176,1721
176,1726
176,1733
176,1758
176,1785
176,1787
176,1821
176,1850
176,1867
180,36
180,601
180,1245
180,1269
180,1297
180,1374
180,1543
180,1557
180,1726
180,1739
180,1758
182,36
182,275
182,290
182,305
182,441
182,455
182,467
182,654
182,894
182,905
182,1102
182,1259
182,1297
182,1376
182,1433
182,1557
182,1593
182,1733
182,1758
182,1807
182,1811
182,1821
182,1897
188,36
188,52
188,176
188,190
188,195
188,197
188,245
188,260
188,267
188,275
188,287
188,290
188,291
188,298
188,305
188,315
188,337
188,341
188,342
188,369
188,402
188,408
188,424
188,428
188,429
188,435
188,441
188,455
188,462
188,467
188,471
188,489
188,504
188,507
188,530
188,560
188,601
188,608
188,628
188,649
188,654
188,682
188,688
188,689
188,717
188,726
188,743
188,769
188,777
188,781
188,784
188,785
188,792
188,806
188,814
188,817
188,827
188,828
188,836
188,864
188,866
188,869
188,899
188,902
188,905
188,984
188,1012
188,1036
188,1086
188,1109
188,1140
188,1142
188,1148
188,1154
188,1157
188,1177
188,1196
188,1232
188,1245
188,1259
188,1263
188,1269
188,1280
188,1297
188,1308
188,1311
188,1320
188,1344
188,1354
188,1361
188,1365
188,1374
188,1376
188,1408
188,1414
188,1426
188,1427
188,1474
188,1511
188,1513
188,1524
188,1543
188,1554
188,1555
188,1557
188,1593
188,1619
188,1621
188,1643
188,1662
188,1726
188,1739
188,1758
188,1787
188,1805
188,1807
188,1829
188,1850
188,1872
190,176
190,306
190,315
190,325
190,424
190,429
190,467
190,471
190,608
190,726
190,777
190,781
190,806
190,828
190,866
190,980
190,1154
190,1263
190,1297
190,1311
190,1320
190,1369
190,1408
190,1821
195,36
195,205
195,254
195,274
195,306
195,310
195,341
195,358
195,404
195,424
195,429
195,455
195,493
195,560
195,601
195,628
195,649
195,683
195,689
195,717
195,777
195,817
195,869
195,870
195,905
195,913
195,982
195,984
195,1036
195,1047
195,1086
195,1142
195,1177
195,1193
195,1205
195,1232
195,1279
195,1361
195,1365
195,1388
195,1408
195,1587
195,1593
195,1614
195,1726
195,1739
195,1867
197,274
197,278
197,306
197,338
197,358
197,372
197,407
197,428
197,611
197,623
197,715
197,752
197,769
197,814
197,894
197,913
197,1004
197,1138
197,1142
197,1265
197,1365
197,1414
197,1675
197,1677
197,1742
197,1829
198,264
198,287
198,369
198,455
198,560
198,628
198,817
198,984
198,1232
198,1311
198,1426
198,1662
198,1867
205,264
205,287
205,337
205,340
205,369
205,429
205,441
205,455
205,489
205,530
205,560
205,628
205,645
205,654
205,777
205,814
205,817
205,869
205,905
205,980
205,1232
205,1254
205,1301
205,1388
205,1394
205,1408
205,1414
205,1426
205,1739
205,1844
211,36
211,260
211,275
211,335
211,341
211,369
211,395
211,467
211,656
211,677
211,698
211,784
211,843
211,982
211,1194
211,1297
211,1426
211,1538
211,1554
211,1555
211,1557
211,1681
211,1733
211,1734
211,1807
211,1825
211,1829
212,336
212,777
212,1026
212,1354
212,1721
215,290
215,467
215,504
215,1142
215,1259
215,1280
215,1297
215,1320
215,1374
215,1492
215,1739
215,1787
216,36
216,217
216,287
216,290
216,305
216,306
216,338
216,402
216,455
216,467
216,628
216,689
216,781
216,1142
216,1196
216,1259
216,1297
216,1311
216,1320
216,1344
216,1376
216,1408
216,1433
216,1511
216,1524
216,1593
216,1621
216,1643
216,1677
216,1721
216,1739
216,1758
216,1821
216,1851
217,260
217,315
217,395
217,402
217,441
217,471
217,717
217,852
217,866
217,982
217,1127
217,1142
217,1433
217,1502
217,1555
217,1557
217,1621
217,1662
217,1787
217,1867
222,290
222,335
222,428
222,467
222,698
222,717
222,894
222,1194
222,1297
222,1426
222,1593
222,1621
222,1680
222,1767
222,1821
225,36
225,287
225,305
225,408
225,551
225,689
225,720
225,781
225,963
225,1036
225,1142
225,1193
225,1297
225,1365
225,1511
225,1553
225,1555
229,290
229,342
229,395
229,471
229,708
229,781
229,814
229,1245
229,1374
229,1423
229,1701
229,1739
229,1758
229,1821
245,1297
245,1726
249,275
249,290
249,295
249,306
249,428
249,455
249,467
249,471
249,656
249,698
249,717
249,960
249,1245
249,1274
249,1297
249,1423
249,1433
249,1484
249,1543
249,1557
249,1593
249,1621
249,1662
249,1721
249,1758
249,1807
249,1821
250,319
250,504
250,557
250,560
250,628
250,656
250,682
250,888
250,982
250,995
250,1086
250,1196
250,1294
250,1374
250,1543
250,1761
250,1892
254,275
254,601
254,777
254,1142
254,1232
254,1259
254,1297
254,1557
254,1593
254,1758
254,1787
260,176
260,275
260,287
260,291
260,295
260,323
260,335
260,369
260,372
260,425
260,428
260,441
260,467
260,470
260,494
260,524
260,530
260,608
260,628
260,688
260,763
260,777
260,784
260,785
260,805
260,828
260,952
260,1004
260,1038
260,1047
260,1050
260,1142
260,1154
260,1180
260,1293
260,1297
260,1308
260,1313
260,1365
260,1374
260,1414
260,1426
260,1513
260,1593
260,1619
260,1628
260,1633
260,1699
260,1762
260,1767
260,1784
260,1787
264,176
264,278
264,290
264,315
264,335
264,340
264,428
264,441
264,455
264,467
264,628
264,717
264,777
264,814
264,870
264,1232
264,1259
264,1297
264,1320
264,1374
264,1376
264,1593
264,1758
264,1821
267,52
267,176
267,287
267,305
267,315
267,317
267,319
267,342
267,369
267,398
267,402
267,428
267,441
267,467
267,471
267,491
267,504
267,530
267,557
267,560
267,628
267,656
267,717
267,726
267,769
267,777
267,781
267,785
267,792
267,828
267,960
267,982
267,1026
267,1126
267,1259
267,1274
267,1297
267,1310
267,1313
267,1320
267,1374
267,1400
267,1408
267,1423
267,1502
267,1522
267,1557
267,1621
267,1643
267,1701
267,1739
267,1758
267,1787
274,36
274,290
274,295
274,348
274,441
274,560
274,628
274,781
274,869
274,878
274,902
274,913
274,924
274,1036
274,1086
274,1259
274,1311
274,1320
274,1376
274,1593
274,1643
274,1721
274,1739
274,1762
275,1320
275,1430
275,1659
275,1677
275,1721
275,1733
275,1758
275,1787
275,1805
275,1807
275,1855
278,275
278,290
278,335
278,467
278,470
278,471
278,689
278,713
278,717
278,852
278,870
278,1259
278,1297
278,1301
278,1433
278,1557
278,1593
278,1758
287,36
287,176
287,212
287,254
287,290
287,295
287,305
287,310
287,315
287,317
287,323
287,358
287,369
287,372
287,403
287,404
287,407
287,408
287,409
287,413
287,424
287,425
287,428
287,441
287,467
287,471
287,494
287,504
287,507
287,524
287,526
287,530
287,536
287,551
287,587
287,590
287,608
287,615
287,628
287,645
287,654
287,683
287,688
287,689
287,696
287,717
287,726
287,743
287,769
287,777
287,784
287,792
287,806
287,812
287,814
287,817
287,821
287,827
287,828
287,836
287,838
287,840
287,852
287,857
287,869
287,905
287,962
287,963
287,970
287,975
287,980
287,984
287,1004
287,1047
287,1050
287,1080
287,1086
287,1102
287,1105
287,1109
287,1113
287,1126
287,1127
287,1138
287,1140
287,1142
287,1148
287,1150
287,1154
287,1157
287,1216
287,1224
287,1232
287,1236
287,1245
287,1251
287,1259
287,1263
287,1269
287,1275
287,1279
287,1297
287,1308
287,1354
287,1376
287,1384
287,1388
287,1392
287,1394
287,1408
287,1414
287,1426
287,1455
287,1474
287,1477
287,1489
287,1490
287,1492
287,1496
287,1501
287,1507
287,1511
287,1513
287,1514
287,1555
287,1593
287,1614
287,1643
287,1662
287,1665
287,1667
287,1675
287,1677
287,1699
287,1726
287,1734
287,1741
287,1742
287,1762
287,1767
287,1786
287,1787
287,1805
287,1811
287,1827
287,1829
287,1844
287,1850
287,1851
287,1867
290,52
290,176
290,180
290,212
290,275
290,306
290,310
290,315
290,319
290,323
290,324
290,327
290,338
290,340
290,342
290,369
290,372
290,373
290,398
290,403
290,404
290,407
290,408
290,409
290,412
290,413
290,425
290,428
290,441
290,451
290,467
290,470
290,471
290,479
290,486
290,491
290,493
290,494
290,504
290,507
290,524
290,526
290,530
290,536
290,551
290,559
290,564
290,587
290,595
290,599
290,601
290,608
290,610
290,611
290,615
290,623
290,628
290,640
290,645
290,677
290,682
290,688
290,696
290,701
290,704
290,708
290,713
290,715
290,720
290,726
290,731
290,733
290,743
290,746
290,764
290,765
290,769
290,777
290,792
290,799
290,805
290,807
290,815
290,818
290,821
290,824
290,827
290,828
290,836
290,838
290,857
290,869
290,870
290,874
290,881
290,887
290,894
290,899
290,905
290,913
290,924
290,952
290,962
290,963
290,975
290,980
290,982
290,995
290,1020
290,1026
290,1050
290,1080
290,1102
290,1105
290,1109
290,1113
290,1126
290,1127
290,1142
290,1148
290,1150
290,1154
290,1157
290,1177
290,1180
290,1191
290,1193
290,1194
290,1196
290,1197
290,1205
290,1224
290,1236
290,1245
290,1254
290,1259
290,1265
290,1269
290,1274
290,1275
290,1279
290,1280
290,1294
290,1297
290,1298
290,1301
290,1310
290,1313
290,1316
290,1320
290,1334
290,1365
290,1374
290,1376
290,1384
290,1385
290,1388
290,1392
290,1414
290,1423
290,1426
290,1427
290,1430
290,1433
290,1435
290,1455
290,1460
290,1477
290,1482
290,1484
290,1489
290,1501
290,1502
290,1507
290,1511
290,1513
290,1514
290,1522
290,1524
290,1538
290,1543
290,1549
290,1553
290,1555
290,1557
290,1563
290,1566
290,1593
290,1621
290,1628
290,1652
290,1659
290,1662
290,1667
290,1677
290,1680
290,1724
290,1726
290,1733
290,1739
290,1742
290,1758
290,1761
290,1762
290,1767
290,1786
290,1787
290,1805
290,1807
290,1811
290,1821
290,1825
290,1827
290,1829
290,1836
290,1842
290,1844
290,1850
290,1851
290,1855
290,1859
290,1872
290,1892
290,1897
290,1904
291,369
291,489
291,530
291,601
291,628
291,725
291,769
291,777
291,792
291,814
291,869
291,913
291,1148
291,1232
291,1236
291,1269
291,1742
295,398
295,467
295,472
295,504
295,557
295,656
295,682
295,806
295,1142
295,1196
295,1259
295,1263
295,1280
295,1297
295,1374
295,1426
295,1593
295,1721
298,36
298,275
298,404
298,409
298,428
298,467
298,712
298,717
298,777
298,781
298,1080
298,1105
298,1140
298,1259
298,1297
298,1423
298,1433
298,1593
298,1758
298,1821
305,36
305,176
305,254
305,310
305,317
305,398
305,403
305,404
305,407
305,408
305,409
305,412
305,428
305,470
305,471
305,486
305,491
305,494
305,504
305,507
305,524
305,526
305,564
305,590
305,595
305,599
305,615
305,640
305,654
305,656
305,683
305,688
305,689
305,715
305,717
305,720
305,731
305,733
305,743
305,765
305,781
305,805
305,807
305,821
305,824
305,828
305,864
305,886
305,887
305,913
305,924
305,952
305,962
305,980
305,995
305,1020
305,1026
305,1047
305,1050
305,1080
305,1138
305,1142
305,1150
305,1154
305,1193
305,1224
305,1236
305,1251
305,1259
305,1265
305,1274
305,1275
305,1293
305,1294
305,1297
305,1301
305,1310
305,1313
305,1316
305,1320
305,1365
305,1374
305,1388
305,1426
305,1430
305,1455
305,1473
305,1477
305,1507
305,1511
305,1513
305,1514
305,1524
305,1549
305,1555
305,1563
305,1566
305,1593
305,1621
305,1628
305,1643
305,1662
305,1680
305,1699
305,1701
305,1739
305,1742
305,1758
305,1767
305,1787
305,1811
305,1825
305,1827
305,1836
305,1842
305,1850
305,1851
305,1867
305,1872
305,1892
306,36
306,176
306,310
306,358
306,435
306,441
306,455
306,467
306,471
306,493
306,504
306,564
306,595
306,640
306,654
306,720
306,743
306,752
306,765
306,815
306,864
306,870
306,878
306,905
306,924
306,1026
306,1148
306,1193
306,1197
306,1259
306,1279
306,1280
306,1297
306,1301
306,1311
306,1320
306,1385
306,1433
306,1455
306,1502
306,1507
306,1563
306,1621
306,1758
306,1767
306,1786
306,1811
306,1821
306,1829
306,1850
306,1859
306,1872
306,1892
310,36
310,455
310,467
310,599
310,781
310,963
310,1086
310,1142
310,1259
310,1297
310,1320
310,1376
310,1423
310,1433
310,1621
310,1721
310,1739
310,1758
310,1821
315,36
315,176
315,337
315,358
315,369
315,372
315,398
315,404
315,428
315,467
315,489
315,493
315,499
315,530
315,536
315,560
315,608
315,628
315,654
315,688
315,712
315,715
315,717
315,769
315,777
315,781
315,784
315,785
315,792
315,806
315,821
315,843
315,852
315,913
315,984
315,1036
315,1038
315,1127
315,1140
315,1154
315,1157
315,1177
315,1236
315,1245
315,1251
315,1258
315,1259
315,1263
315,1269
315,1297
315,1365
315,1408
315,1414
315,1474
315,1557
315,1593
315,1621
315,1726
315,1758
317,52
317,319
317,467
317,686
317,785
317,869
317,1036
317,1259
317,1297
317,1320
317,1354
317,1593
317,1721
317,1739
319,428
319,471
319,504
319,595
319,682
319,725
319,814
319,818
319,840
319,866
319,962
319,995
319,1150
319,1297
319,1311
319,1374
319,1435
319,1473
319,1557
319,1593
319,1758
319,1761
319,1821
319,1825
319,1829
319,1867
323,275
323,428
323,455
323,467
323,471
323,610
323,645
323,698
323,717
323,784
323,984
323,1142
323,1194
323,1245
323,1259
323,1263
323,1274
323,1280
323,1297
323,1313
323,1543
323,1554
323,1593
323,1643
323,1662
323,1758
323,1821
323,1829
324,176
324,424
324,467
324,698
324,701
324,777
324,1245
324,1269
324,1297
324,1320
324,1414
324,1433
324,1621
324,1721
324,1739
324,1758
324,1821
325,467
325,815
325,894
325,980
325,1102
325,1142
325,1259
325,1297
325,1369
325,1376
325,1593
325,1821
325,1829
327,176
327,428
327,467
327,698
327,805
327,806
327,982
327,1142
327,1196
327,1259
327,1297
327,1320
327,1433
327,1555
327,1557
327,1758
327,1807
327,1821
335,36
335,358
335,404
335,428
335,441
335,467
335,654
335,781
335,894
335,1142
335,1245
335,1297
335,1385
335,1477
335,1482
335,1501
335,1555
335,1557
335,1593
335,1662
335,1807
335,1829
337,176
337,340
337,370
337,428
337,429
337,470
337,489
337,530
337,560
337,608
337,777
337,781
337,1232
337,1297
337,1311
337,1400
337,1414
338,275
338,369
338,428
338,467
338,698
338,717
338,894
338,1142
338,1245
338,1259
338,1311
338,1320
338,1433
338,1496
338,1739
338,1787
338,1807
338,1829
340,370
340,441
340,467
340,499
340,777
340,905
340,1140
340,1232
340,1259
340,1297
340,1392
340,1414
340,1426
340,1492
340,1593
341,176
341,212
341,215
341,229
341,275
341,287
341,306
341,315
341,319
341,323
341,369
341,428
341,467
341,471
341,530
341,608
341,628
341,654
341,677
341,725
341,784
341,806
341,821
341,843
341,864
341,866
341,894
341,995
341,1086
341,1127
341,1140
341,1142
341,1254
341,1258
341,1263
341,1280
341,1297
341,1311
341,1345
341,1354
341,1408
341,1414
341,1554
341,1614
341,1621
341,1636
341,1662
341,1665
341,1681
341,1734
341,1741
341,1742
341,1821
341,1829
341,1844
342,36
342,369
342,404
342,412
342,470
342,471
342,499
342,560
342,590
342,610
342,688
342,698
342,784
342,806
342,913
342,970
342,1004
342,1080
342,1316
342,1365
342,1374
342,1423
342,1566
342,1593
342,1628
342,1758
348,369
348,560
348,628
348,656
348,899
348,1236
348,1426
348,1593
348,1721
358,428
358,467
358,491
358,615
358,628
358,654
358,686
358,708
358,746
358,764
358,777
358,781
358,784
358,881
358,905
358,1102
358,1142
358,1150
358,1194
358,1258
358,1259
358,1297
358,1320
358,1433
358,1502
358,1557
358,1593
358,1621
358,1786
358,1821
358,1855
369,176
369,245
369,254
369,275
369,370
369,404
369,407
369,408
369,409
369,425
369,428
369,441
369,467
369,489
369,493
369,507
369,530
369,560
369,608
369,615
369,628
369,645
369,649
369,654
369,682
369,683
369,686
369,688
369,717
369,726
369,743
369,746
369,764
369,784
369,792
369,806
369,821
369,864
369,881
369,913
369,952
369,960
369,984
369,1004
369,1038
369,1047
369,1108
369,1127
369,1140
369,1142
369,1154
369,1157
369,1205
369,1232
369,1251
369,1259
369,1263
369,1297
369,1308
369,1311
369,1344
369,1345
369,1354
369,1361
369,1385
369,1408
369,1414
369,1426
369,1474
369,1489
369,1490
369,1502
369,1522
369,1524
369,1554
369,1555
369,1557
369,1587
369,1593
369,1621
369,1665
369,1675
369,1680
369,1681
369,1726
369,1787
369,1805
369,1807
369,1821
369,1829
369,1836
369,1850
369,1872
369,1897
370,1414
370,1758
370,1829
372,428
372,429
372,455
372,467
372,471
372,628
372,656
372,725
372,781
372,784
372,806
372,869
372,1086
372,1259
372,1263
372,1297
372,1311
372,1423
372,1643
372,1699
372,1758
372,1821
373,467
373,472
373,682
373,887
373,970
373,1196
373,1275
373,1374
373,1496
373,1511
373,1680
373,1758
373,1829
395,176
395,212
395,428
395,435
395,491
395,499
395,536
395,645
395,781
395,812
395,1320
395,1392
395,1628
395,1667
395,1699
395,1786
395,1821
398,429
398,441
398,467
398,471
398,654
398,785
398,821
398,878
398,1086
398,1126
398,1259
398,1280
398,1297
398,1310
398,1320
398,1376
398,1426
398,1593
398,1733
398,1739
398,1758
398,1787
398,1821
402,36
402,52
402,176
402,275
402,615
402,1142
402,1259
402,1297
402,1384
402,1492
402,1593
402,1621
402,1628
402,1633
402,1787
403,275
403,402
403,428
403,467
403,494
403,615
403,1086
403,1142
403,1245
403,1259
403,1263
403,1433
403,1489
403,1701
403,1733
403,1758
403,1787
404,36
404,176
404,408
404,409
404,429
404,467
404,471
404,504
404,560
404,628
404,649
404,654
404,686
404,689
404,698
404,717
404,726
404,731
404,769
404,777
404,806
404,857
404,869
404,894
404,905
404,1086
404,1142
404,1157
404,1232
404,1280
404,1297
404,1311
404,1320
404,1354
404,1408
404,1423
404,1492
404,1501
404,1502
404,1511
404,1524
404,1555
404,1557
404,1593
404,1621
404,1677
404,1721
404,1726
404,1739
404,1811
404,1821
404,1844
404,1867
404,1872
407,36
407,275
407,428
407,467
407,743
407,806
407,894
407,952
407,1038
407,1050
407,1297
407,1313
407,1320
407,1433
407,1490
407,1557
407,1662
407,1739
407,1758
407,1821
408,36
408,455
408,467
408,689
408,698
408,743
408,781
408,814
408,902
408,905
408,982
408,1086
408,1297
408,1320
408,1433
408,1522
408,1524
408,1758
408,1821
408,1829
408,1872
409,36
409,176
409,275
409,336
409,428
409,470
409,526
409,536
409,628
409,717
409,777
409,806
409,962
409,1105
409,1140
409,1142
409,1150
409,1180
409,1224
409,1259
409,1297
409,1538
409,1557
409,1593
409,1787
409,1892
412,698
412,781
412,869
412,1259
412,1297
412,1311
412,1320
412,1376
412,1593
412,1739
412,1821
412,1867
413,455
413,471
413,682
413,698
413,777
413,814
413,852
413,1142
413,1157
413,1259
413,1297
413,1311
413,1320
413,1374
413,1427
413,1621
413,1701
413,1721
413,1811
423,36
423,428
423,471
423,717
423,857
423,866
423,894
423,1245
423,1433
423,1492
423,1496
423,1502
423,1554
423,1741
423,1742
423,1758
423,1829
424,428
424,441
424,551
424,560
424,601
424,717
424,1127
424,1236
424,1320
424,1368
424,1414
424,1555
424,1739
424,1850
424,1867
425,275
425,402
425,428
425,467
425,471
425,654
425,656
425,717
425,781
425,806
425,852
425,984
425,1086
425,1142
425,1259
425,1297
425,1320
425,1557
425,1593
425,1621
425,1739
425,1758
425,1787
425,1821
428,36
428,176
428,254
428,275
428,441
428,451
428,455
428,467
428,470
428,471
428,486
428,489
428,491
428,493
428,494
428,507
428,524
428,530
428,536
428,551
428,560
428,608
428,623
428,628
428,645
428,654
428,656
428,677
428,688
428,698
428,717
428,733
428,743
428,763
428,764
428,777
428,781
428,784
428,785
428,805
428,806
428,807
428,818
428,821
428,827
428,828
428,843
428,852
428,857
428,881
428,886
428,905
428,913
428,962
428,984
428,1004
428,1026
428,1102
428,1105
428,1109
428,1113
428,1127
428,1138
428,1140
428,1142
428,1154
428,1157
428,1194
428,1224
428,1232
428,1245
428,1259
428,1263
428,1265
428,1267
428,1269
428,1274
428,1275
428,1280
428,1293
428,1297
428,1301
428,1308
428,1313
428,1320
428,1365
428,1371
428,1374
428,1408
428,1414
428,1423
428,1426
428,1433
428,1473
428,1484
428,1490
428,1496
428,1502
428,1513
428,1538
428,1555
428,1557
428,1563
428,1566
428,1593
428,1619
428,1621
428,1628
428,1643
428,1659
428,1680
428,1681
428,1701
428,1721
428,1724
428,1733
428,1734
428,1739
428,1742
428,1758
428,1785
428,1786
428,1787
428,1807
428,1811
428,1821
428,1829
428,1836
428,1844
428,1850
428,1904
429,176
429,180
429,455
429,467
429,479
429,493
429,530
429,560
429,628
429,717
429,769
429,777
429,784
429,806
429,869
429,913
429,952
429,1020
429,1047
429,1140
429,1154
429,1180
429,1232
429,1236
429,1254
429,1274
429,1297
429,1301
429,1334
429,1365
429,1374
429,1414
429,1482
429,1492
429,1557
429,1758
429,1825
429,1867
429,1872
429,1897
435,455
435,467
435,536
435,683
435,781
435,784
435,1142
435,1297
435,1543
435,1643
435,1699
435,1758
441,36
441,52
441,176
441,275
441,455
441,467
441,470
441,479
441,489
441,491
441,494
441,507
441,536
441,551
441,560
441,615
441,623
441,628
441,654
441,688
441,689
441,696
441,698
441,712
441,717
441,720
441,733
441,743
441,746
441,777
441,784
441,785
441,799
441,805
441,806
441,815
441,817
441,821
441,827
441,828
441,836
441,886
441,905
441,984
441,1038
441,1047
441,1086
441,1108
441,1113
441,1138
441,1140
441,1142
441,1177
441,1191
441,1193
441,1205
441,1232
441,1259
441,1297
441,1301
441,1308
441,1313
441,1344
441,1365
441,1371
441,1388
441,1392
441,1408
441,1426
441,1430
441,1455
441,1477
441,1482
441,1489
441,1502
441,1507
441,1524
441,1553
441,1555
441,1557
441,1593
441,1621
441,1628
441,1659
441,1677
441,1733
441,1739
441,1787
441,1807
441,1811
441,1827
441,1836
441,1844
441,1859
451,455
451,467
451,471
451,628
451,894
451,1142
451,1245
451,1259
451,1297
451,1423
451,1643
451,1701
451,1758
451,1821
455,36
455,176
455,370
455,467
455,470
455,471
455,486
455,491
455,494
455,499
455,504
455,524
455,536
455,601
455,615
455,689
455,698
455,701
455,715
455,731
455,733
455,746
455,763
455,777
455,781
455,805
455,814
455,815
455,817
455,828
455,843
455,852
455,857
455,864
455,869
455,894
455,952
455,960
455,962
455,980
455,984
455,1047
455,1127
455,1138
455,1142
455,1177
455,1197
455,1245
455,1251
455,1259
455,1265
455,1267
455,1369
455,1374
455,1388
455,1392
455,1394
455,1408
455,1423
455,1426
455,1430
455,1433
455,1435
455,1455
455,1460
455,1477
455,1484
455,1489
455,1496
455,1507
455,1587
455,1628
455,1659
455,1677
455,1699
455,1701
455,1741
455,1742
455,1784
455,1807
455,1829
455,1842
455,1844
455,1867
462,36
462,467
462,471
462,601
462,628
462,769
462,817
462,869
462,984
462,1109
462,1232
462,1259
462,1297
462,1383
462,1414
462,1593
462,1621
462,1758
467,36
467,52
467,176
467,180
467,245
467,254
467,275
467,336
467,370
467,402
467,470
467,471
467,472
467,486
467,491
467,494
467,499
467,504
467,524
467,536
467,551
467,559
467,564
467,590
467,595
467,599
467,601
467,608
467,610
467,615
467,623
467,628
467,640
467,645
467,654
467,656
467,682
467,688
467,689
467,696
467,701
467,704
467,708
467,712
467,713
467,717
467,731
467,733
467,743
467,752
467,764
467,777
467,781
467,784
467,785
467,792
467,799
467,805
467,807
467,812
467,814
467,815
467,818
467,821
467,824
467,827
467,828
467,836
467,838
467,840
467,843
467,852
467,869
467,870
467,874
467,881
467,886
467,888
467,899
467,905
467,913
467,924
467,942
467,952
467,960
467,963
467,970
467,980
467,1004
467,1020
467,1026
467,1038
467,1050
467,1080
467,1102
467,1109
467,1113
467,1126
467,1127
467,1138
467,1142
467,1177
467,1180
467,1191
467,1193
467,1194
467,1196
467,1205
467,1236
467,1245
467,1251
467,1254
467,1259
467,1265
467,1269
467,1274
467,1275
467,1280
467,1293
467,1297
467,1301
467,1310
467,1313
467,1320
467,1334
467,1344
467,1345
467,1368
467,1369
467,1374
467,1376
467,1384
467,1400
467,1414
467,1423
467,1426
467,1427
467,1430
467,1433
467,1435
467,1455
467,1460
467,1473
467,1477
467,1484
467,1489
467,1490
467,1492
467,1496
467,1501
467,1502
467,1507
467,1511
467,1513
467,1514
467,1522
467,1524
467,1538
467,1543
467,1549
467,1553
467,1554
467,1555
467,1557
467,1563
467,1566
467,1593
467,1621
467,1628
467,1659
467,1665
467,1667
467,1677
467,1680
467,1681
467,1701
467,1721
467,1724
467,1734
467,1741
467,1742
467,1758
467,1762
467,1785
467,1786
467,1787
467,1807
467,1811
467,1821
467,1825
467,1827
467,1829
467,1836
467,1842
467,1844
467,1850
467,1851
467,1859
467,1867
467,1872
467,1892
467,1904
470,36
470,176
470,275
470,628
470,654
470,689
470,698
470,815
470,836
470,852
470,869
470,878
470,984
470,1086
470,1109
470,1138
470,1142
470,1150
470,1191
470,1232
470,1259
470,1280
470,1297
470,1313
470,1344
470,1408
470,1414
470,1423
470,1593
470,1721
470,1733
470,1739
470,1758
470,1787
471,36
471,176
471,370
471,472
471,494
471,499
471,504
471,530
471,536
471,559
471,564
471,587
471,590
471,608
471,615
471,640
471,654
471,656
471,677
471,682
471,689
471,696
471,704
471,713
471,715
471,717
471,720
471,733
471,743
471,746
471,784
471,807
471,812
471,814
471,857
471,864
471,874
471,888
471,899
471,913
471,960
471,962
471,963
471,970
471,975
471,980
471,982
471,995
471,1020
471,1050
471,1086
471,1127
471,1138
471,1142
471,1196
471,1197
471,1254
471,1258
471,1259
471,1263
471,1269
471,1280
471,1293
471,1294
471,1297
471,1301
471,1310
471,1311
471,1320
471,1334
471,1345
471,1365
471,1374
471,1376
471,1423
471,1426
471,1433
471,1435
471,1460
471,1484
471,1489
471,1502
471,1507
471,1538
471,1549
471,1554
471,1557
471,1593
471,1614
471,1621
471,1628
471,1665
471,1680
471,1681
471,1721
471,1734
471,1739
471,1742
471,1785
471,1786
471,1807
471,1821
471,1825
471,1829
471,1836
471,1842
471,1850
471,1855
471,1867
471,1892
471,1904
472,504
472,628
472,677
472,688
472,781
472,817
472,881
472,899
472,952
472,984
472,1177
472,1267
472,1297
472,1311
472,1374
472,1482
472,1643
472,1680
479,587
479,649
479,686
479,698
479,881
479,1142
479,1593
479,1621
479,1701
479,1739
479,1787
486,504
486,557
486,656
486,682
486,717
486,982
486,1142
486,1196
486,1259
486,1280
486,1297
486,1311
486,1316
486,1320
486,1374
486,1423
486,1593
486,1721
486,1758
486,1821
489,275
489,560
489,649
489,717
489,769
489,817
489,828
489,984
489,1047
489,1216
489,1371
489,1408
489,1414
489,1557
489,1593
491,494
491,557
491,615
491,682
491,701
491,781
491,784
491,785
491,1109
491,1142
491,1193
491,1254
491,1259
491,1293
491,1297
491,1311
491,1316
491,1320
491,1368
491,1374
491,1376
491,1385
491,1502
491,1621
491,1699
491,1701
491,1721
491,1739
491,1758
491,1787
492,36
492,287
492,441
492,467
492,471
492,698
492,1142
492,1194
492,1245
492,1297
492,1311
492,1365
492,1507
492,1662
492,1758
492,1787
492,1821
492,1844
493,36
493,689
493,777
493,817
493,869
493,878
493,1205
493,1232
493,1308
493,1320
493,1376
493,1394
493,1619
493,1721
493,1739
493,1844
494,36
494,275
494,402
494,507
494,557
494,560
494,587
494,628
494,654
494,689
494,696
494,717
494,777
494,781
494,799
494,806
494,827
494,828
494,869
494,886
494,905
494,1086
494,1102
494,1142
494,1191
494,1196
494,1245
494,1259
494,1297
494,1313
494,1320
494,1376
494,1433
494,1490
494,1502
494,1513
494,1524
494,1554
494,1555
494,1557
494,1593
494,1619
494,1643
494,1659
494,1699
494,1701
494,1733
494,1739
494,1758
494,1787
494,1807
494,1811
494,1821
494,1827
499,777
499,781
499,814
499,1258
499,1259
499,1297
499,1311
499,1320
499,1376
499,1423
499,1433
499,1557
499,1593
499,1667
499,1701
499,1758
499,1821
504,402
504,557
504,560
504,599
504,608
504,656
504,682
504,688
504,698
504,781
504,784
504,785
504,814
504,818
504,888
504,899
504,975
504,982
504,1138
504,1142
504,1154
504,1193
504,1196
504,1259
504,1294
504,1297
504,1311
504,1320
504,1365
504,1374
504,1376
504,1423
504,1507
504,1538
504,1543
504,1557
504,1593
504,1621
504,1643
504,1677
504,1701
504,1721
504,1739
504,1758
504,1761
504,1787
504,1821
504,1825
507,36
507,275
507,601
507,654
507,689
507,696
507,743
507,769
507,828
507,836
507,866
507,1102
507,1232
507,1297
507,1308
507,1365
507,1482
507,1492
507,1507
507,1511
507,1555
507,1593
507,1733
507,1805
507,1811
507,1872
524,36
524,781
524,806
524,902
524,1086
524,1142
524,1259
524,1297
524,1320
524,1394
524,1524
524,1593
524,1643
524,1721
524,1739
524,1758
524,1821
526,611
526,905
526,1142
526,1263
526,1297
526,1320
526,1376
526,1427
526,1593
526,1643
526,1677
526,1739
530,176
530,275
530,557
530,560
530,601
530,628
530,649
530,682
530,689
530,698
530,717
530,769
530,777
530,781
530,784
530,817
530,827
530,866
530,905
530,952
530,984
530,1086
530,1142
530,1148
530,1150
530,1154
530,1232
530,1263
530,1269
530,1311
530,1313
530,1320
530,1408
530,1414
530,1426
530,1474
530,1543
530,1557
530,1593
530,1726
530,1767
530,1787
536,36
536,176
536,560
536,628
536,689
536,726
536,769
536,777
536,781
536,814
536,866
536,905
536,1142
536,1157
536,1194
536,1232
536,1259
536,1297
536,1311
536,1320
536,1376
536,1392
536,1433
536,1474
536,1501
536,1557
536,1593
536,1621
536,1701
536,1721
536,1726
536,1739
536,1758
536,1787
536,1807
536,1821
536,1825
536,1827
536,1829
551,36
551,275
551,649
551,654
551,827
551,905
551,1102
551,1142
551,1259
551,1297
551,1320
551,1555
551,1593
551,1621
551,1726
551,1739
551,1758
551,1807
551,1811
551,1829
557,36
557,180
557,336
557,587
557,599
557,615
557,640
557,682
557,688
557,696
557,701
557,733
557,763
557,792
557,812
557,818
557,864
557,888
557,905
557,1150
557,1154
557,1196
557,1294
557,1298
557,1310
557,1345
557,1374
557,1435
557,1455
557,1543
557,1566
557,1593
557,1677
557,1726
557,1761
557,1786
557,1844
557,1872
559,176
559,275
559,698
559,731
559,806
559,1102
559,1196
559,1297
559,1320
559,1555
559,1593
559,1721
559,1733
559,1758
559,1821
559,1842
560,176
560,608
560,649
560,717
560,743
560,769
560,777
560,784
560,806
560,817
560,821
560,828
560,902
560,905
560,924
560,984
560,1038
560,1047
560,1086
560,1109
560,1138
560,1142
560,1193
560,1205
560,1232
560,1267
560,1308
560,1361
560,1388
560,1394
560,1408
560,1414
560,1492
560,1593
560,1621
560,1726
560,1867
564,1196
564,1280
564,1297
564,1320
564,1374
564,1376
564,1482
564,1557
564,1593
564,1621
564,1721
564,1739
564,1758
587,654
587,656
587,726
587,1109
587,1297
587,1301
587,1320
587,1680
587,1721
587,1733
587,1739
587,1758
590,36
590,275
590,611
590,689
590,717
590,814
590,866
590,894
590,1140
590,1142
590,1311
590,1522
590,1557
590,1621
590,1758
590,1821
595,628
595,725
595,894
595,1320
595,1376
599,784
599,821
599,828
599,1297
599,1316
599,1320
599,1721
601,1414
601,1807
601,1872
608,176
608,245
608,275
608,628
608,654
608,656
608,682
608,688
608,717
608,726
608,777
608,814
608,864
608,894
608,982
608,1142
608,1154
608,1157
608,1259
608,1263
608,1280
608,1297
608,1311
608,1344
608,1374
608,1376
608,1408
608,1414
608,1423
608,1427
608,1474
608,1543
608,1554
608,1557
608,1593
608,1621
608,1734
608,1758
608,1787
608,1821
610,1259
610,1275
610,1297
610,1320
610,1374
610,1376
610,1433
610,1621
610,1699
610,1721
610,1758
611,36
611,698
611,905
611,1259
611,1297
611,1320
611,1721
611,1739
611,1855
615,275
615,698
615,731
615,866
615,881
615,905
615,1142
615,1259
615,1297
615,1313
615,1320
615,1374
615,1427
615,1433
615,1492
615,1557
615,1593
615,1621
615,1701
615,1721
615,1733
615,1758
615,1821
615,1829
615,1855
623,656
623,781
623,870
623,894
623,982
623,1259
623,1263
623,1297
623,1311
623,1320
623,1433
623,1593
623,1699
623,1758
623,1821
628,176
628,601
628,649
628,654
628,683
628,688
628,696
628,701
628,715
628,717
628,726
628,746
628,752
628,769
628,777
628,806
628,828
628,836
628,869
628,899
628,905
628,913
628,980
628,984
628,1038
628,1047
628,1102
628,1109
628,1126
628,1127
628,1140
628,1148
628,1154
628,1157
628,1180
628,1205
628,1232
628,1236
628,1254
628,1258
628,1263
628,1279
628,1297
628,1308
628,1320
628,1344
628,1361
628,1365
628,1385
628,1392
628,1394
628,1400
628,1408
628,1414
628,1426
628,1474
628,1482
628,1511
628,1522
628,1593
628,1621
628,1677
628,1741
628,1784
628,1785
628,1821
628,1829
628,1844
640,682
640,781
640,1142
640,1297
640,1320
640,1374
640,1376
640,1593
640,1721
640,1739
645,176
645,370
645,656
645,682
645,717
645,777
645,781
645,982
645,1194
645,1297
645,1320
645,1374
645,1414
645,1543
645,1593
645,1758
645,1787
649,176
649,524
649,683
649,769
649,777
649,817
649,828
649,984
649,1047
649,1127
649,1140
649,1205
649,1232
649,1301
649,1308
649,1361
649,1365
649,1374
649,1388
649,1394
649,1408
649,1414
654,36
654,176
654,254
654,275
654,601
654,656
654,688
654,689
654,698
654,726
654,731
654,777
654,806
654,814
654,817
654,827
654,836
654,864
654,866
654,905
654,980
654,984
654,1004
654,1026
654,1038
654,1127
654,1140
654,1157
654,1194
654,1236
654,1254
654,1263
654,1297
654,1311
654,1369
654,1371
654,1374
654,1408
654,1414
654,1423
654,1427
654,1492
654,1496
654,1554
654,1555
654,1557
654,1593
654,1619
654,1621
654,1659
654,1677
654,1680
654,1701
654,1724
654,1726
654,1734
654,1739
654,1741
654,1758
654,1807
654,1811
654,1821
654,1829
654,1904
656,180
656,677
656,701
656,704
656,743
656,752
656,806
656,864
656,888
656,960
656,970
656,980
656,995
656,1020
656,1205
656,1251
656,1263
656,1269
656,1280
656,1297
656,1310
656,1311
656,1334
656,1345
656,1369
656,1374
656,1423
656,1430
656,1455
656,1460
656,1484
656,1507
656,1628
656,1633
656,1721
656,1734
656,1761
656,1829
656,1842
656,1850
656,1892
677,1196
677,1258
677,1280
677,1297
677,1311
677,1554
677,1614
677,1681
677,1734
682,36
682,176
682,524
682,677
682,688
682,701
682,704
682,725
682,726
682,746
682,763
682,764
682,777
682,784
682,812
682,818
682,864
682,888
682,913
682,970
682,975
682,982
682,995
682,1020
682,1050
682,1154
682,1196
682,1236
682,1258
682,1263
682,1269
682,1275
682,1293
682,1294
682,1297
682,1298
682,1310
682,1316
682,1344
682,1345
682,1365
682,1374
682,1384
682,1388
682,1455
682,1460
682,1477
682,1484
682,1502
682,1507
682,1543
682,1549
682,1593
682,1621
682,1677
682,1680
682,1761
682,1811
682,1825
682,1829
682,1836
682,1842
682,1904
683,36
683,817
683,827
683,866
683,1086
683,1177
683,1311
683,1361
683,1394
683,1511
683,1859
686,777
686,852
686,1205
686,1267
686,1408
686,1414
686,1455
686,1619
688,176
688,275
688,698
688,784
688,806
688,828
688,894
688,1086
688,1142
688,1154
688,1196
688,1236
688,1259
688,1297
688,1320
688,1374
688,1376
688,1394
688,1408
688,1474
688,1502
688,1543
688,1593
688,1621
688,1721
688,1739
688,1758
688,1761
688,1787
689,36
689,176
689,275
689,524
689,696
689,698
689,708
689,717
689,726
689,743
689,752
689,765
689,769
689,777
689,784
689,828
689,838
689,905
689,970
689,975
689,1047
689,1113
689,1138
689,1140
689,1142
689,1154
689,1177
689,1224
689,1245
689,1274
689,1275
689,1279
689,1297
689,1308
689,1320
689,1365
689,1374
689,1433
689,1501
689,1507
689,1511
689,1513
689,1522
689,1524
689,1543
689,1555
689,1619
689,1628
689,1724
689,1733
689,1739
689,1742
689,1758
689,1762
689,1767
689,1829
689,1850
689,1851
689,1872
696,36
696,275
696,743
696,828
696,902
696,905
696,1004
696,1142
696,1216
696,1259
696,1297
696,1320
696,1408
696,1492
696,1501
696,1555
696,1593
696,1733
696,1758
698,36
698,52
698,176
698,254
698,275
698,336
698,712
698,743
698,746
698,807
698,828
698,852
698,870
698,894
698,905
698,952
698,960
698,980
698,1038
698,1050
698,1102
698,1105
698,1113
698,1127
698,1138
698,1140
698,1157
698,1194
698,1196
698,1245
698,1259
698,1267
698,1269
698,1279
698,1297
698,1308
698,1316
698,1320
698,1374
698,1384
698,1427
698,1455
698,1496
698,1513
698,1555
698,1593
698,1621
698,1680
698,1733
698,1758
698,1805
698,1807
698,1811
698,1827
698,1829
698,1844
698,1850
701,781
701,866
701,887
701,1142
701,1196
701,1245
701,1259
701,1297
701,1308
701,1311
701,1320
701,1374
701,1433
701,1477
701,1543
701,1557
701,1621
701,1721
701,1739
701,1787
701,1807
701,1821
704,814
704,894
704,1263
704,1297
704,1301
704,1311
704,1320
704,1555
704,1557
704,1721
704,1739
704,1758
708,743
708,781
708,815
708,894
708,1142
708,1245
708,1297
708,1433
708,1473
708,1699
708,1724
708,1758
708,1821
708,1829
712,275
712,601
712,764
712,781
712,894
712,902
712,1086
712,1102
712,1142
712,1205
712,1245
712,1259
712,1297
712,1433
712,1492
712,1553
712,1555
712,1593
712,1643
712,1787
712,1807
712,1811
712,1821
713,275
713,807
713,894
713,1105
713,1142
713,1232
713,1297
713,1301
713,1311
713,1320
713,1433
713,1489
713,1555
713,1557
713,1593
713,1621
713,1758
713,1807
713,1821
715,717
715,984
715,1259
715,1263
715,1376
715,1423
715,1543
715,1593
715,1825
717,176
717,254
717,275
717,726
717,733
717,769
717,784
717,807
717,812
717,814
717,815
717,824
717,836
717,852
717,881
717,913
717,952
717,960
717,1047
717,1050
717,1102
717,1127
717,1138
717,1142
717,1154
717,1232
717,1236
717,1251
717,1254
717,1265
717,1274
717,1293
717,1297
717,1311
717,1313
717,1344
717,1384
717,1408
717,1414
717,1427
717,1473
717,1474
717,1484
717,1501
717,1557
717,1593
717,1614
717,1621
717,1681
717,1726
717,1734
717,1741
717,1742
717,1758
717,1785
717,1807
717,1821
717,1827
717,1829
717,1844
717,1867
720,36
720,1294
720,1297
720,1301
720,1376
720,1721
720,1739
725,212
725,677
725,752
725,869
725,970
725,1254
725,1543
725,1614
725,1724
725,1741
725,1825
725,1829
725,1867
726,36
726,52
726,176
726,764
726,765
726,777
726,785
726,1140
726,1142
726,1154
726,1293
726,1320
726,1374
726,1426
726,1492
726,1502
726,1593
726,1721
726,1850
731,36
731,886
731,1126
731,1245
731,1275
731,1297
731,1433
731,1524
731,1724
731,1787
731,1850
733,275
733,1259
733,1297
733,1320
733,1502
733,1557
733,1621
733,1721
733,1739
733,1758
733,1807
733,1821
733,1829
743,36
743,777
743,781
743,784
743,806
743,814
743,817
743,827
743,870
743,894
743,905
743,984
743,1126
743,1140
743,1142
743,1232
743,1245
743,1259
743,1297
743,1311
743,1320
743,1414
743,1433
743,1492
743,1557
743,1621
743,1724
743,1742
743,1758
743,1787
743,1807
743,1821
743,1825
743,1829
743,1872
746,176
746,881
746,1142
746,1196
746,1245
746,1297
746,1320
746,1374
746,1433
746,1543
746,1593
746,1643
746,1721
746,1739
746,1758
752,36
752,781
752,814
752,984
752,1142
752,1280
752,1423
752,1433
752,1555
752,1699
752,1701
763,784
763,785
763,1142
763,1259
763,1433
763,1721
763,1787
764,176
764,785
764,888
764,1157
764,1194
764,1196
764,1254
764,1259
764,1263
764,1297
764,1374
764,1388
764,1511
764,1593
764,1680
764,1701
764,1897
765,36
765,902
765,1126
765,1142
765,1232
765,1259
765,1265
765,1297
765,1320
765,1376
765,1511
765,1739
769,176
769,601
769,784
769,792
769,821
769,1086
769,1108
769,1127
769,1148
769,1177
769,1205
769,1232
769,1236
769,1269
769,1279
769,1297
769,1320
769,1392
769,1400
769,1414
769,1492
769,1557
769,1593
769,1665
769,1767
769,1784
769,1821
777,36
777,275
777,370
777,601
777,836
777,1142
777,1157
777,1177
777,1193
777,1205
777,1232
777,1259
777,1297
777,1311
777,1320
777,1344
777,1361
777,1365
777,1376
777,1388
777,1392
777,1414
777,1426
777,1543
777,1554
777,1557
777,1593
777,1628
777,1659
777,1677
777,1681
777,1726
777,1734
777,1739
777,1758
777,1767
777,1784
777,1786
777,1787
777,1829
781,36
781,176
781,212
781,336
781,370
781,777
781,784
781,792
781,812
781,827
781,828
781,843
781,886
781,960
781,962
781,1050
781,1113
781,1126
781,1297
781,1308
781,1365
781,1374
781,1392
781,1430
781,1460
781,1473
781,1477
781,1482
781,1514
781,1524
781,1555
781,1628
781,1659
781,1699
781,1724
781,1734
781,1742
781,1767
781,1821
781,1827
781,1842
781,1850
781,1892
781,1904
784,36
784,176
784,777
784,806
784,807
784,814
784,869
784,960
784,984
784,1086
784,1148
784,1177
784,1180
784,1196
784,1216
784,1259
784,1297
784,1311
784,1320
784,1365
784,1374
784,1408
784,1433
784,1513
784,1593
784,1699
784,1726
784,1739
784,1742
784,1758
784,1787
784,1829
784,1842
785,52
785,176
785,275
785,1142
785,1259
785,1297
785,1502
785,1593
785,1701
785,1787
792,1263
792,1279
792,1280
792,1320
792,1414
792,1474
792,1492
792,1538
792,1665
792,1734
792,1767
792,1829
792,1844
799,601
799,836
799,866
799,1127
799,1297
799,1320
799,1522
799,1555
799,1557
799,1621
799,1721
799,1733
799,1758
799,1811
805,275
805,698
805,815
805,836
805,843
805,905
805,1142
805,1194
805,1259
805,1297
805,1320
805,1555
805,1593
805,1621
805,1721
805,1739
805,1758
805,1807
805,1811
806,36
806,176
806,777
806,821
806,827
806,866
806,888
806,970
806,975
806,1004
806,1020
806,1047
806,1086
806,1127
806,1140
806,1148
806,1157
806,1177
806,1193
806,1205
806,1251
806,1263
806,1275
806,1279
806,1297
806,1308
806,1311
806,1334
806,1354
806,1365
806,1394
806,1414
806,1426
806,1455
806,1482
806,1507
806,1522
806,1554
806,1557
806,1563
806,1593
806,1726
806,1734
806,1741
806,1758
806,1767
806,1850
807,275
807,814
807,894
807,1142
807,1259
807,1297
807,1320
807,1374
807,1433
807,1557
807,1593
807,1758
807,1787
807,1821
810,881
810,894
810,1245
810,1320
810,1433
810,1477
810,1555
810,1724
810,1758
812,370
812,1142
812,1245
812,1297
812,1311
812,1320
812,1376
812,1433
812,1473
812,1543
812,1701
812,1726
812,1758
812,1821
814,212
814,254
814,777
814,812
814,840
814,857
814,869
814,913
814,962
814,970
814,980
814,995
814,1004
814,1050
814,1113
814,1148
814,1193
814,1194
814,1251
814,1265
814,1311
814,1344
814,1361
814,1423
814,1426
814,1433
814,1477
814,1489
814,1496
814,1549
814,1593
814,1628
814,1680
814,1724
814,1741
814,1742
814,1758
814,1807
814,1825
814,1827
814,1829
814,1844
814,1867
814,1892
815,275
815,852
815,894
815,1126
815,1274
815,1297
815,1320
815,1376
815,1433
815,1555
815,1739
815,1758
815,1807
815,1811
817,36
817,176
817,601
817,777
817,840
817,869
817,899
817,905
817,984
817,1142
817,1157
817,1232
817,1267
817,1365
817,1394
817,1408
817,1511
817,1733
818,1196
818,1263
818,1311
818,1320
818,1374
818,1761
821,176
821,869
821,984
821,1142
821,1154
821,1259
821,1297
821,1313
821,1408
821,1414
821,1474
821,1557
821,1726
824,1196
824,1297
824,1320
824,1721
824,1739
824,1758
824,1892
827,176
827,275
827,601
827,828
827,852
827,894
827,1142
827,1157
827,1224
827,1297
827,1311
827,1354
827,1482
827,1492
827,1555
827,1758
827,1821
827,1850
828,36
828,601
828,1142
828,1205
828,1232
828,1259
828,1297
828,1320
828,1374
828,1414
828,1423
828,1426
828,1435
828,1502
828,1543
828,1554
828,1555
828,1593
828,1621
828,1721
828,1726
828,1739
828,1758
828,1787
836,275
836,1205
836,1259
836,1297
836,1320
836,1376
836,1482
836,1555
836,1557
836,1593
836,1733
836,1739
836,1758
836,1787
836,1811
836,1821
838,36
838,1259
838,1297
838,1301
838,1311
838,1320
838,1555
838,1739
838,1821
840,180
840,275
840,924
840,1297
840,1320
840,1433
840,1492
840,1621
840,1721
840,1739
840,1742
840,1758
840,1811
843,601
843,677
843,1259
843,1263
843,1297
843,1311
843,1502
843,1522
843,1554
843,1555
843,1614
843,1681
843,1734
843,1758
843,1807
843,1821
852,881
852,905
852,1194
852,1245
852,1259
852,1400
852,1557
852,1680
852,1787
857,894
857,1293
857,1297
857,1311
857,1502
857,1721
857,1821
864,1154
864,1297
864,1311
864,1554
864,1734
864,1821
866,176
866,677
866,777
866,870
866,888
866,894
866,1127
866,1148
866,1263
866,1311
866,1334
866,1426
866,1455
866,1492
866,1522
866,1554
866,1555
866,1614
866,1677
866,1681
866,1734
866,1767
866,1829
866,1850
866,1904
869,36
869,176
869,180
869,245
869,275
869,777
869,818
869,899
869,905
869,913
869,924
869,984
869,1177
869,1236
869,1258
869,1274
869,1294
869,1308
869,1388
869,1394
869,1408
869,1423
869,1455
869,1524
869,1549
869,1667
869,1739
869,1762
869,1784
869,1785
869,1787
869,1844
869,1851
869,1867
870,36
870,176
870,370
870,881
870,894
870,905
870,1142
870,1245
870,1259
870,1265
870,1297
870,1320
870,1385
870,1433
870,1501
870,1557
870,1621
870,1758
870,1829
870,1844
874,601
874,894
874,1245
874,1259
874,1297
874,1320
874,1502
874,1557
874,1621
874,1665
874,1721
874,1733
874,1739
874,1741
874,1821
878,1320
878,1502
878,1507
878,1566
878,1593
878,1739
878,1786
881,785
881,828
881,894
881,905
881,1127
881,1142
881,1194
881,1259
881,1502
881,1557
881,1758
881,1787
881,1844
881,1867
886,36
886,982
886,1126
886,1259
886,1297
886,1555
886,1593
886,1758
886,1821
887,970
887,982
887,1316
887,1320
887,1374
887,1507
887,1557
887,1680
887,1829
887,1850
888,982
888,1142
888,1196
888,1259
888,1297
888,1311
888,1374
888,1721
888,1758
888,1825
894,36
894,254
894,960
894,1047
894,1050
894,1205
894,1245
894,1251
894,1259
894,1265
894,1269
894,1301
894,1430
894,1433
894,1455
894,1473
894,1496
894,1549
894,1554
894,1563
894,1621
894,1680
894,1724
894,1758
894,1786
894,1829
894,1904
899,176
899,180
899,677
899,828
899,864
899,905
899,984
899,1109
899,1177
899,1275
899,1297
899,1311
899,1361
899,1374
899,1426
899,1435
899,1482
899,1593
899,1680
899,1721
899,1733
899,1761
899,1859
899,1867
902,36
902,1113
902,1216
902,1320
902,1501
902,1511
902,1524
902,1827
902,1850
905,36
905,176
905,275
905,777
905,836
905,982
905,984
905,1038
905,1142
905,1205
905,1216
905,1232
905,1297
905,1298
905,1320
905,1361
905,1374
905,1388
905,1392
905,1414
905,1482
905,1507
905,1543
905,1557
905,1593
905,1619
905,1643
905,1659
905,1733
905,1758
905,1807
905,1811
913,1414
913,1855
913,1867
924,1298
924,1320
924,1555
924,1621
924,1739
924,1811
942,1514
942,1643
942,1825
952,275
952,777
952,1154
952,1232
952,1254
952,1297
952,1320
952,1376
952,1392
952,1433
952,1543
952,1557
952,1721
952,1758
952,1807
960,36
960,1142
960,1259
960,1280
960,1297
960,1374
960,1423
960,1557
960,1621
960,1721
960,1787
960,1855
962,982
962,1086
962,1142
962,1259
962,1297
962,1311
962,1320
962,1376
962,1423
962,1643
962,1721
962,1739
962,1821
963,36
963,1086
963,1142
963,1259
963,1265
963,1297
963,1557
963,1593
963,1621
963,1643
963,1807
963,1821
963,1867
970,36
970,982
970,1258
970,1280
970,1297
970,1311
970,1374
970,1502
970,1555
970,1721
975,180
975,982
975,1193
975,1297
975,1320
975,1374
975,1557
975,1721
980,1142
980,1297
980,1433
980,1593
980,1680
980,1741
980,1758
980,1821
980,1829
982,677
982,864
982,1127
982,1148
982,1193
982,1196
982,1258
982,1263
982,1274
982,1294
982,1297
982,1374
982,1384
982,1484
982,1514
982,1538
982,1549
982,1621
982,1628
982,1633
982,1680
982,1734
982,1761
982,1786
982,1855
982,1872
982,1892
984,176
984,245
984,601
984,777
984,1047
984,1109
984,1150
984,1154
984,1224
984,1232
984,1280
984,1344
984,1414
984,1474
984,1593
984,1726
984,1785
984,1805
984,1867
995,176
995,212
995,1311
995,1354
995,1374
995,1423
995,1554
995,1821
1004,36
1004,1086
1004,1263
1004,1297
1004,1320
1004,1414
1004,1427
1004,1502
1004,1557
1004,1593
1004,1621
1004,1758
1012,176
1012,249
1012,260
1012,275
1012,287
1012,290
1012,319
1012,327
1012,369
1012,428
1012,441
1012,455
1012,467
1012,470
1012,471
1012,494
1012,608
1012,628
1012,654
1012,713
1012,717
1012,781
1012,807
1012,866
1012,952
1012,1004
1012,1050
1012,1102
1012,1142
1012,1157
1012,1194
1012,1259
1012,1279
1012,1297
1012,1313
1012,1385
1012,1408
1012,1484
1012,1507
1012,1543
1012,1555
1012,1557
1012,1593
1012,1621
1012,1643
1012,1652
1012,1701
1012,1721
1012,1758
1012,1787
1012,1807
1012,1811
1012,1821
1012,1872
1020,1232
1020,1263
1020,1311
1020,1320
1020,1374
1020,1543
1020,1721
1020,1739
1020,1758
1026,176
1026,1236
1026,1320
1026,1557
1026,1721
1026,1739
1026,1758
1036,36
1036,176
1036,404
1036,409
1036,412
1036,424
1036,425
1036,429
1036,470
1036,471
1036,472
1036,494
1036,524
1036,536
1036,560
1036,590
1036,595
1036,628
1036,649
1036,683
1036,688
1036,689
1036,715
1036,717
1036,725
1036,746
1036,769
1036,817
1036,869
1036,913
1036,952
1036,962
1036,963
1036,984
1036,1086
1036,1109
1036,1126
1036,1140
1036,1177
1036,1180
1036,1232
1036,1259
1036,1267
1036,1279
1036,1294
1036,1297
1036,1308
1036,1320
1036,1354
1036,1361
1036,1376
1036,1388
1036,1408
1036,1455
1036,1507
1036,1513
1036,1593
1036,1742
1036,1767
1036,1784
1036,1785
1036,1811
1036,1850
1036,1851
1036,1859
1036,1867
1038,275
1038,1086
1038,1297
1038,1320
1038,1555
1038,1721
1038,1758
1038,1784
1038,1829
1038,1844
1047,1138
1047,1142
1047,1320
1047,1376
1047,1492
1047,1593
1047,1721
1050,275
1050,1142
1050,1259
1050,1280
1050,1297
1050,1320
1050,1374
1050,1433
1050,1593
1050,1701
1050,1721
1050,1758
1050,1787
1080,36
1080,1086
1080,1245
1080,1259
1080,1297
1080,1320
1080,1376
1080,1511
1080,1522
1080,1699
1080,1739
1080,1758
1086,36
1086,180
1086,336
1086,601
1086,777
1086,828
1086,913
1086,1108
1086,1109
1086,1138
1086,1177
1086,1197
1086,1216
1086,1251
1086,1320
1086,1365
1086,1394
1086,1400
1086,1522
1086,1593
1086,1619
1086,1733
1086,1767
1086,1784
1086,1787
1086,1844
1086,1859
1086,1867
1102,36
1102,828
1102,836
1102,905
1102,1142
1102,1157
1102,1193
1102,1269
1102,1297
1102,1473
1102,1492
1102,1496
1102,1555
1102,1593
1102,1621
1102,1659
1102,1758
1102,1787
1102,1807
1102,1811
1102,1829
1105,336
1105,777
1105,1311
1105,1433
1105,1593
1105,1699
1105,1758
1108,1216
1108,1251
1108,1492
1108,1767
1108,1811
1109,176
1109,1543
1109,1593
1109,1621
1109,1721
1113,36
1113,1297
1113,1394
1113,1427
1113,1433
1113,1501
1113,1511
1113,1524
1113,1557
1113,1721
1113,1739
1113,1758
1115,36
1115,188
1115,287
1115,291
1115,315
1115,341
1115,429
1115,441
1115,455
1115,493
1115,530
1115,560
1115,601
1115,628
1115,769
1115,777
1115,806
1115,827
1115,1142
1115,1148
1115,1205
1115,1297
1115,1311
1115,1376
1115,1408
1115,1554
1115,1593
1115,1621
1115,1677
1115,1726
1126,1142
1126,1259
1126,1280
1126,1297
1126,1361
1126,1593
1126,1701
1126,1721
1126,1758
1126,1787
1127,601
1127,777
1127,828
1127,1142
1127,1157
1127,1196
1127,1232
1127,1245
1127,1263
1127,1280
1127,1297
1127,1311
1127,1320
1127,1414
1127,1433
1127,1522
1127,1543
1127,1554
1127,1555
1127,1557
1127,1593
1127,1621
1127,1734
1127,1739
1127,1741
1127,1758
1127,1787
1127,1821
1127,1829
1138,36
1138,1142
1138,1259
1138,1297
1138,1344
1138,1511
1138,1543
1138,1593
1138,1739
1138,1758
1138,1825
1138,1827
1140,36
1140,601
1140,777
1140,1086
1140,1105
1140,1142
1140,1275
1140,1408
1140,1555
1140,1593
1140,1643
1140,1787
1142,36
1142,275
1142,836
1142,913
1142,1157
1142,1177
1142,1193
1142,1205
1142,1216
1142,1251
1142,1259
1142,1269
1142,1274
1142,1275
1142,1297
1142,1298
1142,1301
1142,1308
1142,1313
1142,1316
1142,1320
1142,1365
1142,1368
1142,1374
1142,1376
1142,1427
1142,1460
1142,1477
1142,1484
1142,1489
1142,1490
1142,1496
1142,1501
1142,1507
1142,1511
1142,1513
1142,1514
1142,1524
1142,1538
1142,1553
1142,1555
1142,1557
1142,1593
1142,1619
1142,1621
1142,1628
1142,1633
1142,1643
1142,1659
1142,1667
1142,1677
1142,1680
1142,1699
1142,1701
1142,1733
1142,1734
1142,1758
1142,1767
1142,1786
1142,1787
1142,1805
1142,1807
1142,1811
1142,1821
1142,1827
1142,1829
1142,1836
1142,1842
1142,1850
1142,1851
1142,1872
1148,601
1148,1232
1148,1297
1148,1423
1148,1593
1148,1677
1148,1767
1148,1825
1150,36
1150,913
1150,1224
1150,1269
1150,1320
1150,1374
1150,1593
1150,1680
1150,1699
1150,1739
1150,1850
1154,1320
1154,1414
1154,1474
1154,1543
1154,1593
1154,1739
1154,1758
1154,1805
1157,36
1157,52
1157,601
1157,1154
1157,1177
1157,1197
1157,1263
1157,1297
1157,1311
1157,1374
1157,1414
1157,1474
1157,1502
1157,1543
1157,1593
1157,1621
1157,1726
1157,1733
1157,1758
1157,1872
1177,1867
1180,36
1180,1259
1180,1297
1180,1320
1180,1344
1180,1376
1180,1721
1180,1739
1180,1758
1180,1821
1191,36
1191,275
1191,615
1191,698
1191,799
1191,984
1191,1297
1191,1311
1191,1313
1191,1507
1191,1555
1191,1733
1191,1807
1191,1811
1193,601
1193,1245
1193,1297
1193,1311
1193,1320
1193,1426
1193,1502
1193,1557
1193,1739
1193,1761
1193,1767
1193,1811
1194,275
1194,1236
1194,1245
1194,1259
1194,1280
1194,1297
1194,1433
1194,1502
1194,1538
1194,1543
1194,1593
1194,1680
1194,1701
1194,1726
1194,1741
1194,1758
1194,1787
1194,1811
1194,1821
1194,1829
1194,1867
1196,36
1196,913
1196,1154
1196,1259
1196,1269
1196,1293
1196,1294
1196,1297
1196,1310
1196,1316
1196,1320
1196,1365
1196,1374
1196,1433
1196,1484
1196,1501
1196,1543
1196,1633
1196,1680
1196,1761
1196,1787
1196,1807
1196,1836
1196,1850
1196,1904
1197,1280
1197,1320
1197,1543
1197,1555
1197,1721
1197,1739
1197,1758
1197,1867
1205,36
1205,1177
1205,1259
1205,1297
1205,1320
1205,1522
1205,1555
1205,1557
1205,1593
1205,1621
1205,1665
1205,1677
1205,1721
1205,1733
1205,1739
1205,1758
1205,1762
1205,1827
1205,1867
1216,36
1216,601
1216,1501
1216,1522
1216,1555
1216,1643
1224,36
1224,1177
1224,1236
1224,1297
1224,1502
1224,1758
1224,1787
1224,1867
1232,36
1232,370
1232,913
1232,1177
1232,1392
1232,1400
1232,1414
1232,1426
1232,1435
1232,1482
1232,1593
1232,1767
1236,1298
1236,1344
1236,1414
1236,1621
1236,1681
1236,1758
1236,1867
1245,36
1245,275
1245,1154
1245,1259
1245,1265
1245,1297
1245,1385
1245,1426
1245,1433
1245,1473
1245,1477
1245,1484
1245,1496
1245,1524
1245,1549
1245,1553
1245,1557
1245,1563
1245,1593
1245,1621
1245,1633
1245,1643
1245,1659
1245,1667
1245,1680
1245,1758
1245,1762
1245,1786
1245,1787
1245,1807
1245,1811
1245,1829
1245,1904
1251,1259
1251,1280
1251,1297
1251,1593
1251,1726
1251,1741
1251,1758
1251,1821
1251,1825
1254,1263
1254,1297
1254,1311
1254,1460
1254,1554
1254,1557
1254,1721
1254,1758
1254,1821
1258,864
1258,1311
1258,1345
1258,1374
1258,1490
1258,1593
1258,1614
1258,1721
1258,1734
1258,1821
1259,36
1259,52
1259,275
1259,1177
1259,1265
1259,1269
1259,1274
1259,1297
1259,1301
1259,1308
1259,1313
1259,1334
1259,1365
1259,1374
1259,1376
1259,1384
1259,1385
1259,1388
1259,1392
1259,1394
1259,1426
1259,1433
1259,1477
1259,1496
1259,1501
1259,1502
1259,1507
1259,1511
1259,1514
1259,1524
1259,1538
1259,1553
1259,1555
1259,1557
1259,1563
1259,1593
1259,1621
1259,1628
1259,1633
1259,1643
1259,1659
1259,1667
1259,1701
1259,1742
1259,1758
1259,1761
1259,1785
1259,1786
1259,1787
1259,1807
1259,1811
1259,1821
1259,1825
1259,1827
1259,1829
1259,1842
1259,1850
1259,1855
1259,1867
1259,1872
1263,864
1263,913
1263,1154
1263,1311
1263,1345
1263,1374
1263,1414
1263,1502
1263,1543
1263,1554
1263,1614
1263,1681
1263,1734
1263,1821
1263,1904
1265,36
1265,1297
1265,1311
1265,1433
1265,1563
1265,1621
1265,1659
1265,1680
1265,1742
1265,1758
1265,1821
1265,1829
1267,1297
1267,1311
1267,1758
1267,1867
1269,601
1269,1297
1269,1427
1269,1557
1269,1593
1269,1621
1269,1758
1269,1767
1269,1787
1269,1829
1274,36
1274,1320
1274,1433
1274,1502
1274,1555
1274,1593
1274,1621
1274,1741
1274,1758
1274,1821
1274,1829
1275,36
1275,1502
1275,1721
1275,1739
1275,1821
1279,36
1279,601
1279,828
1279,869
1279,870
1279,1150
1279,1177
1279,1232
1279,1259
1279,1297
1279,1311
1279,1320
1279,1354
1279,1376
1279,1388
1279,1492
1279,1522
1279,1553
1279,1555
1279,1557
1279,1593
1279,1621
1279,1739
1279,1758
1279,1807
1279,1844
1279,1867
1280,275
1280,1297
1280,1345
1280,1392
1280,1484
1280,1490
1280,1511
1280,1821
1280,1904
1293,1543
1293,1557
1293,1821
1294,1825
1297,36
1297,275
1297,336
1297,1177
1297,1275
1297,1308
1297,1310
1297,1311
1297,1313
1297,1320
1297,1334
1297,1345
1297,1365
1297,1374
1297,1376
1297,1384
1297,1392
1297,1394
1297,1414
1297,1423
1297,1426
1297,1427
1297,1430
1297,1433
1297,1435
1297,1460
1297,1473
1297,1477
1297,1484
1297,1489
1297,1490
1297,1492
1297,1496
1297,1501
1297,1507
1297,1511
1297,1514
1297,1522
1297,1524
1297,1538
1297,1543
1297,1553
1297,1554
1297,1555
1297,1557
1297,1563
1297,1593
1297,1614
1297,1619
1297,1628
1297,1633
1297,1643
1297,1659
1297,1667
1297,1677
1297,1680
1297,1681
1297,1699
1297,1701
1297,1724
1297,1733
1297,1734
1297,1742
1297,1758
1297,1761
1297,1762
1297,1767
1297,1784
1297,1785
1297,1786
1297,1787
1297,1807
1297,1821
1297,1825
1297,1827
1297,1829
1297,1842
1297,1844
1297,1850
1297,1855
1297,1867
1297,1872
1297,1892
1297,1904
1298,1628
1298,1721
1298,1787
1298,1855
1301,878
1301,1320
1301,1376
1301,1502
1301,1739
1301,1758
1301,1787
1301,1821
1301,1827
1301,1867
1308,36
1308,52
1308,275
1308,1313
1308,1474
1308,1726
1308,1787
1308,1807
1308,1844
1310,1320
1310,1374
1310,1721
1310,1758
1310,1872
1311,913
1311,1316
1311,1334
1311,1345
1311,1365
1311,1374
1311,1423
1311,1426
1311,1460
1311,1484
1311,1489
1311,1507
1311,1549
1311,1554
1311,1563
1311,1593
1311,1614
1311,1680
1311,1681
1311,1699
1311,1724
1311,1734
1311,1741
1311,1742
1311,1784
1311,1807
1311,1827
1311,1829
1311,1842
1311,1844
1311,1850
1311,1867
1311,1892
1311,1904
1313,36
1313,1320
1313,1376
1313,1426
1313,1490
1313,1492
1313,1507
1313,1513
1313,1555
1313,1557
1313,1593
1316,1320
1316,1374
1316,1502
1316,1513
1316,1593
1316,1680
1316,1721
1316,1726
1316,1739
1320,913
1320,1177
1320,1294
1320,1384
1320,1392
1320,1430
1320,1721
1320,1733
1320,1739
1320,1742
1320,1758
1320,1762
1320,1785
1320,1786
1320,1787
1320,1805
1320,1807
1320,1821
1320,1827
1320,1836
1320,1842
1320,1844
1320,1850
1320,1851
1320,1859
1320,1872
1320,1897
1320,1904
1334,1320
1334,1522
1334,1555
1334,1557
1334,1593
1334,1758
1334,1821
1334,1829
1344,36
1344,1543
1344,1593
1344,1867
1345,1154
1345,1374
1345,1593
1345,1721
1345,1758
1345,1821
1354,36
1354,1496
1354,1741
1354,1829
1361,1593
1361,1859
1365,1374
1365,1554
1365,1593
1365,1739
1365,1761
1365,1827
1368,1758
1369,814
1369,980
1369,1142
1369,1297
1369,1502
1369,1593
1369,1680
1369,1741
1369,1758
1369,1829
1371,36
1371,275
1371,769
1371,828
1371,970
1371,1102
1371,1269
1371,1297
1371,1313
1371,1384
1371,1557
1371,1807
1371,1811
1374,275
1374,913
1374,1154
1374,1293
1374,1294
1374,1298
1374,1320
1374,1344
1374,1384
1374,1414
1374,1426
1374,1455
1374,1507
1374,1543
1374,1549
1374,1557
1374,1593
1374,1628
1374,1677
1374,1680
1374,1726
1374,1739
1374,1741
1374,1742
1374,1758
1374,1761
1374,1787
1374,1821
1374,1829
1374,1836
1374,1842
1374,1850
1376,52
1376,913
1376,1177
1376,1275
1376,1320
1376,1455
1376,1477
1376,1484
1376,1507
1376,1513
1376,1514
1376,1563
1376,1566
1376,1628
1376,1680
1376,1721
1376,1739
1376,1762
1376,1767
1376,1836
1376,1842
1376,1850
1383,769
1383,817
1383,1177
1383,1232
1383,1280
1383,1400
1383,1414
1383,1435
1383,1563
1383,1733
1383,1811
1385,1433
1385,1721
1388,1177
1388,1320
1388,1721
1388,1739
1392,1414
1394,36
1394,1154
1394,1320
1394,1805
1394,1859
1400,1414
1400,1821
1408,176
1408,245
1408,254
1408,777
1408,828
1408,984
1408,1109
1408,1127
1408,1154
1408,1193
1408,1194
1408,1251
1408,1259
1408,1263
1408,1297
1408,1308
1408,1414
1408,1474
1408,1593
1408,1726
1408,1844
1423,1484
1423,1549
1423,1680
1423,1821
1423,1842
1426,36
1426,275
1426,601
1426,1320
1426,1392
1426,1414
1426,1543
1426,1553
1426,1555
1426,1593
1426,1758
1426,1787
1426,1807
1426,1821
1426,1859
1426,1872
1427,1320
1427,1557
1427,1680
1427,1721
1427,1741
1427,1807
1427,1821
1433,36
1433,1320
1433,1384
1433,1426
1433,1455
1433,1460
1433,1473
1433,1477
1433,1484
1433,1496
1433,1507
1433,1514
1433,1549
1433,1563
1433,1659
1433,1665
1433,1680
1433,1699
1433,1724
1433,1739
1433,1742
1433,1758
1433,1785
1433,1821
1433,1825
1433,1859
1433,1904
1435,1758
1455,1320
1455,1426
1455,1522
1455,1557
1455,1643
1455,1721
1455,1739
1455,1758
1460,1320
1460,1557
1460,1758
1460,1821
1466,36
1466,287
1466,305
1466,315
1466,467
1466,656
1466,696
1466,814
1466,1280
1466,1297
1466,1320
1466,1555
1466,1593
1466,1643
1466,1787
1466,1821
1466,1850
1473,1593
1473,1699
1473,1758
1473,1821
1474,913
1474,1414
1474,1593
1474,1726
1474,1805
1477,36
1477,1320
1477,1492
1477,1502
1477,1557
1477,1593
1477,1721
1477,1733
1477,1739
1477,1758
1477,1821
1482,36
1482,1320
1482,1374
1482,1593
1482,1721
1482,1733
1482,1739
1484,1320
1484,1502
1484,1557
1484,1593
1484,1721
1484,1739
1484,1758
1484,1807
1484,1821
1489,36
1489,1320
1489,1492
1489,1721
1489,1726
1489,1758
1489,1821
1490,1538
1490,1543
1490,1555
1490,1557
1490,1593
1490,1758
1492,275
1492,1414
1492,1502
1492,1555
1492,1593
1492,1827
1492,1844
1496,1320
1496,1502
1496,1680
1496,1701
1496,1742
1501,36
1501,1511
1501,1524
1501,1555
1501,1628
1501,1721
1501,1758
1501,1821
1502,1320
1502,1384
1502,1511
1502,1554
1502,1557
1502,1593
1502,1628
1502,1677
1502,1681
1502,1724
1502,1733
1502,1734
1502,1739
1502,1787
1502,1807
1502,1821
1502,1904
1507,36
1507,275
1507,1320
1507,1557
1507,1593
1507,1643
1507,1701
1507,1721
1507,1733
1507,1739
1507,1758
1507,1787
1507,1821
1507,1827
1511,36
1511,913
1511,1320
1511,1522
1511,1593
1511,1739
1511,1758
1511,1836
1513,36
1513,1320
1513,1524
1513,1543
1513,1555
1513,1593
1513,1758
1513,1787
1514,1320
1514,1557
1514,1593
1514,1721
1514,1739
1514,1758
1514,1821
1522,36
1522,1619
1522,1758
1522,1787
1522,1827
1522,1836
1524,36
1524,1320
1524,1593
1524,1619
1524,1628
1524,1677
1524,1721
1524,1742
1524,1758
1524,1850
1524,1872
1538,1320
1538,1543
1538,1555
1538,1593
1538,1643
1538,1739
1538,1758
1538,1821
1543,36
1543,1177
1543,1298
1543,1320
1543,1557
1543,1593
1543,1619
1543,1628
1543,1633
1543,1680
1543,1761
1543,1825
1543,1842
1543,1850
1543,1904
1549,1320
1549,1593
1549,1721
1549,1758
1549,1821
1553,275
1553,1320
1553,1555
1553,1557
1553,1739
1553,1758
1553,1787
1553,1807
1553,1859
1554,1593
1554,1614
1554,1681
1554,1734
1554,1821
1554,1844
1555,36
1555,275
1555,1320
1555,1430
1555,1557
1555,1643
1555,1659
1555,1677
1555,1733
1555,1739
1555,1758
1555,1807
1555,1827
1555,1844
1557,36
1557,52
1557,275
1557,1392
1557,1430
1557,1593
1557,1659
1557,1677
1557,1680
1557,1681
1557,1721
1557,1758
1557,1785
1557,1786
1557,1787
1557,1807
1557,1821
1557,1904
1563,1320
1563,1721
1566,1320
1566,1593
1566,1721
1566,1739
1566,1787
1587,686
1587,784
1587,1108
1587,1621
1593,36
1593,275
1593,601
1593,913
1593,1177
1593,1320
1593,1430
1593,1614
1593,1619
1593,1628
1593,1633
1593,1659
1593,1701
1593,1726
1593,1733
1593,1739
1593,1741
1593,1742
1593,1758
1593,1785
1593,1787
1593,1807
1593,1821
1593,1825
1593,1827
1593,1842
1593,1844
1593,1850
1593,1859
1593,1867
1593,1904
1614,1665
1614,1681
1614,1734
1621,275
1621,1297
1621,1310
1621,1311
1621,1320
1621,1334
1621,1354
1621,1374
1621,1384
1621,1392
1621,1426
1621,1430
1621,1433
1621,1460
1621,1484
1621,1489
1621,1492
1621,1502
1621,1507
1621,1538
1621,1553
1621,1554
1621,1555
1621,1557
1621,1593
1621,1628
1621,1667
1621,1677
1621,1680
1621,1701
1621,1721
1621,1726
1621,1733
1621,1739
1621,1758
1621,1785
1621,1787
1621,1807
1621,1821
1621,1872
1623,124
1623,127
1623,215
1623,290
1623,306
1623,467
1623,689
1623,698
1623,781
1623,982
1623,1142
1623,1259
1623,1280
1623,1311
1623,1320
1623,1502
1623,1511
1623,1721
1623,1739
1623,1855
1628,275
1628,1320
1628,1643
1628,1699
1628,1701
1628,1721
1628,1739
1628,1758
1628,1787
1628,1821
1633,1320
1633,1721
1633,1787
1636,287
1636,290
1636,305
1636,369
1636,467
1636,471
1636,682
1636,781
1636,784
1636,806
1636,866
1636,894
1636,982
1636,1245
1636,1258
1636,1259
1636,1297
1636,1311
1636,1320
1636,1433
1636,1554
1636,1557
1636,1593
1636,1621
1636,1721
1636,1758
1636,1807
1636,1821
1643,1177
1643,1758
1643,1767
1643,1787
1643,1872
1652,470
1652,1258
1652,1259
1652,1313
1652,1376
1652,1721
1652,1739
1652,1758
1659,1701
1659,1733
1659,1758
1659,1807
1659,1821
1662,425
1662,428
1662,467
1662,471
1662,491
1662,494
1662,530
1662,645
1662,656
1662,682
1662,689
1662,717
1662,777
1662,821
1662,852
1662,899
1662,960
1662,1142
1662,1180
1662,1196
1662,1245
1662,1251
1662,1259
1662,1269
1662,1280
1662,1293
1662,1297
1662,1374
1662,1423
1662,1427
1662,1473
1662,1490
1662,1502
1662,1543
1662,1554
1662,1557
1662,1593
1662,1621
1662,1680
1662,1721
1662,1758
1662,1807
1662,1811
1662,1821
1662,1829
1665,1681
1665,1741
1667,1739
1667,1758
1667,1787
1667,1821
1675,560
1675,649
1675,894
1675,902
1675,1232
1675,1258
1675,1280
1675,1311
1675,1433
1675,1543
1677,601
1677,1320
1677,1758
1680,1320
1680,1701
1680,1721
1680,1739
1680,1741
1680,1758
1680,1787
1680,1821
1681,1734
1681,1758
1681,1807
1701,1787
1721,913
1721,1177
1721,1294
1721,1368
1721,1733
1721,1739
1721,1758
1721,1767
1721,1785
1721,1786
1721,1836
1721,1842
1721,1850
1721,1859
1721,1867
1721,1872
1721,1904
1724,1758
1724,1821
1726,1414
1726,1739
1726,1784
1733,1758
1733,1787
1733,1807
1733,1821
1733,1827
1733,1855
1734,1821
1739,913
1739,1177
1739,1294
1739,1758
1739,1762
1739,1786
1739,1787
1739,1805
1739,1836
1739,1842
1739,1850
1739,1851
1739,1859
1739,1897
1741,1758
1741,1787
1742,1758
1742,1807
1742,1821
1742,1825
1758,913
1758,1294
1758,1384
1758,1414
1758,1430
1758,1761
1758,1785
1758,1786
1758,1787
1758,1807
1758,1821
1758,1827
1758,1836
1758,1844
1758,1850
1758,1851
1758,1859
1758,1872
1758,1897
1758,1904
1767,1850
1785,1821
1786,1787
1786,1867
1787,52
1787,1842
1805,1414
1807,1414
1807,1821
1807,1825
1807,1897
1811,36
1811,275
1811,878
1811,1269
1811,1297
1811,1311
1811,1320
1811,1376
1811,1384
1811,1430
1811,1477
1811,1490
1811,1553
1811,1555
1811,1557
1811,1593
1811,1621
1811,1643
1811,1677
1811,1680
1811,1721
1811,1733
1811,1739
1811,1758
1811,1807
1811,1872
1811,1897
1821,1384
1821,1414
1821,1430
1821,1825
1821,1836
1821,1859
1821,1872
1821,1904
1825,1867
1827,1872
1829,36
1829,1320
1829,1385
1829,1426
1829,1433
1829,1473
1829,1496
1829,1502
1829,1507
1829,1555
1829,1557
1829,1593
1829,1628
1829,1659
1829,1665
1829,1680
1829,1681
1829,1741
1829,1742
1829,1758
1829,1787
1829,1825
1829,1872
1844,1867
1850,1414
1892,1320
1892,1344
1892,1376
1892,1433
1892,1593
1892,1721
1892,1733
1892,1739
1892,1758
