id,name,username
0,Hồ Minh Thắng,hồ_minh_thắng5078
1,Hồ Đức Thanh,hồ_đức_thanh7718
2,Tô Hào Tú,tô_hào_tú7852
3,Vũ Tùng,vũ_tùng5591
4,Phạm Tâm Trang,phạm_tâm_trang3362
5,Phan Hùng,phan_hùng7884
6,Đinh Ý Duy,đinh_ý_duy3285
7,Lý Phúc Vân,lý_phúc_vân190
8,Hoàng Tuấn,hoàng_tuấn8586
9,Tô Hiệp Anh,tô_hiệp_anh7578
10,Phan Hữu Vân,phan_hữu_vân9855
11,Dương Hào Tú,dương_hào_tú7091
12,Khương Khang Tú,khương_khang_tú7473
13,Đỗ Hòa Trang,đỗ_hòa_trang8640
14,Tạ Trang,tạ_trang1369
15,Hồ Trang,hồ_trang5338
16,Khương Tùng,khương_tùng3888
17,Lý Duy Phúc,lý_duy_phúc6897
18,Mai Tiến Kiên,mai_tiến_kiên1120
19,Đặng Hùng Tiến,đặng_hùng_tiến9532
20,Lý Khang,lý_khang5863
21,Hồ Tiến Khoa,hồ_tiến_khoa8918
22,Khương Hòa Tâm,khương_hòa_tâm7240
23,Tạ Thắng Hùng,tạ_thắng_hùng2804
24,Tô Xuân Thái,tô_xuân_thái541
25,Lý Tùng Ý,lý_tùng_ý7122
26,Phan Vân,phan_vân4362
27,Lý Đức,lý_đức5455
28,Dương Khoa,dương_khoa7006
29,Đỗ Xuân Tùng,đỗ_xuân_tùng953
30,Lê Huy Tâm,lê_huy_tâm608
31,Bùi Phúc Hà,bùi_phúc_hà4008
32,Phan Ý Khang,phan_ý_khang3671
33,Tô Linh Hiền,tô_linh_hiền1976
34,Vũ Hảo,vũ_hảo520
35,Hồ Khoa Ý,hồ_khoa_ý6598
36,Đặng Trang Duy,đặng_trang_duy1769
37,Hồ Ý Hiệp,hồ_ý_hiệp772
38,Lê Khôi Xuân,lê_khôi_xuân1229
39,Tây Kiên,tây_kiên6982
40,Tạ Khôi Quang,tạ_khôi_quang7632
41,Phan Tuấn,phan_tuấn8648
42,Đỗ Vân Xuân,đỗ_vân_xuân7236
43,Kiều Trang Hòa,kiều_trang_hòa1519
44,Đỗ Tú,đỗ_tú7713
45,Kiều Vân Khoa,kiều_vân_khoa5425
46,Vũ Vân,vũ_vân4332
47,Dương Hòa Hòa,dương_hòa_hòa9206
48,Nguyễn Tùng Vũ,nguyễn_tùng_vũ4054
49,Mai Trang Vân,mai_trang_vân7900
50,Tạ Tùng Tú,tạ_tùng_tú4920
51,Bùi Hảo Thắng,bùi_hảo_thắng9628
52,Lê Khánh Khang,lê_khánh_khang7071
53,Khương Vân Kiên,khương_vân_kiên4538
54,Hồ Hiền,hồ_hiền3255
55,Dương Hân Hiệp,dương_hân_hiệp3238
56,Đặng Khang,đặng_khang9759
57,Tây Hà Hương,tây_hà_hương4953
58,Bùi Khôi,bùi_khôi331
59,Khương Thái,khương_thái993
60,Khương Thái Hương,khương_thái_hương8142
61,Hoàng Khang Minh,hoàng_khang_minh7943
62,Tô Kiên,tô_kiên941
63,Đỗ Khang,đỗ_khang1170
64,Lý Vân,lý_vân978
65,Phan Hảo Phúc,phan_hảo_phúc1495
66,Bùi Tiến Hiệp,bùi_tiến_hiệp9866
67,Đinh Khoa Tâm,đinh_khoa_tâm7481
68,Tô Tuấn Hảo,tô_tuấn_hảo5103
69,Kiều Quang Anh,kiều_quang_anh3504
70,Đặng Linh Hiền,đặng_linh_hiền4029
71,Vũ Hữu,vũ_hữu143
72,Mai Khang Tú,mai_khang_tú4871
73,Trần Tâm,trần_tâm4732
74,Tô Hiền Duy,tô_hiền_duy9763
75,Đặng Tuấn,đặng_tuấn3783
76,Phan Duy Hòa,phan_duy_hòa1077
77,Vũ Ý Hảo,vũ_ý_hảo4828
78,Tô Hảo Hiệp,tô_hảo_hiệp6694
79,Đỗ Tú Hào,đỗ_tú_hào1417
80,Đinh Đức Huy,đinh_đức_huy9991
81,Đỗ Hùng,đỗ_hùng9524
82,Kiều Hòa Hùng,kiều_hòa_hùng9541
83,Trần Tú Hân,trần_tú_hân4657
84,Vũ Vân Tuấn,vũ_vân_tuấn1594
85,Tạ Đức Khánh,tạ_đức_khánh1813
86,Vũ Vân Kiên,vũ_vân_kiên4822
87,Lý Hữu,lý_hữu1542
88,Dương Thắng Hiền,dương_thắng_hiền8531
89,Nguyễn Anh Xuân,nguyễn_anh_xuân3173
90,Tây Vân Khôi,tây_vân_khôi7342
91,Trần Thanh,trần_thanh2246
92,Hồ Vân Tú,hồ_vân_tú2089
93,Nguyễn Hảo Trang,nguyễn_hảo_trang9124
94,Nguyễn Tâm Hữu,nguyễn_tâm_hữu1958
95,Tô Phúc Hiệp,tô_phúc_hiệp8265
96,Hồ Tiến Hào,hồ_tiến_hào8005
97,Tạ Phúc Trang,tạ_phúc_trang6384
98,Đặng Thái Hào,đặng_thái_hào1243
99,Đỗ Hào Tiến,đỗ_hào_tiến4477
100,Nguyễn Vân Hương,nguyễn_vân_hương2534
101,Tô Kiên Xuân,tô_kiên_xuân9142
102,Khương Đức Khoa,khương_đức_khoa3190
103,Bùi Tiến Ý,bùi_tiến_ý815
104,Dương Khoa Khang,dương_khoa_khang6425
